Transmitance,,,,,,,,,,,,,,,,
Time,19/07/2024 15:58:05,19/07/2024 15:58:32,19/07/2024 15:59:06,19/07/2024 15:59:52,19/07/2024 16:00:28,19/07/2024 16:00:56,19/07/2024 16:01:18,19/07/2024 16:01:54,19/07/2024 16:02:34,19/07/2024 16:03:06,19/07/2024 16:04:46,19/07/2024 16:05:07,19/07/2024 16:05:37,19/07/2024 16:06:27,19/07/2024 16:06:59,
Name,,,,,,,,,,,,,,,,
GPS,55° 51.7018' N  -3° 371.9431' W,55° 51.7068' N  -3° 371.9483' W,55° 51.7105' N  -3° 371.9540' W,55° 51.7084' N  -3° 371.9507' W,55° 51.7098' N  -3° 371.9525' W,55° 51.7087' N  -3° 371.9481' W,55° 51.7082' N  -3° 371.9480' W,55° 51.7082' N  -3° 371.9480' W,55° 51.7089' N  -3° 371.9487' W,55° 51.7077' N  -3° 371.9529' W,55° 51.7090' N  -3° 371.9566' W,55° 51.7090' N  -3° 371.9566' W,55° 51.7090' N  -3° 371.9566' W,55° 51.7112' N  -3° 371.9572' W,55° 51.7112' N  -3° 371.9572' W,
[nm],,,,,,,,,,,,,,,,
628.8,7.256393E-002,6.828944E-002,6.642095E-002,6.465484E-002,6.990197E-002,8.203435E-002,9.414113E-002,7.481635E-002,8.999462E-002,6.250480E-002,8.170160E-002,8.310937E-002,7.929561E-002,7.717116E-002,6.480842E-002,
630.8,7.241126E-002,6.833211E-002,6.648256E-002,6.455699E-002,7.000431E-002,8.208974E-002,9.420051E-002,7.471687E-002,8.984266E-002,6.255542E-002,8.176037E-002,8.312853E-002,7.935342E-002,7.727584E-002,6.501305E-002,
632.7,7.248495E-002,6.852939E-002,6.674057E-002,6.462422E-002,7.024262E-002,8.238644E-002,9.447986E-002,7.490363E-002,9.024716E-002,6.268424E-002,8.213449E-002,8.339422E-002,7.969061E-002,7.767504E-002,6.527928E-002,
634.7,7.273276E-002,6.868367E-002,6.682259E-002,6.478547E-002,7.019265E-002,8.228962E-002,9.400936E-002,7.487048E-002,9.023691E-002,6.279865E-002,8.206328E-002,8.327046E-002,7.969921E-002,7.753634E-002,6.533877E-002,
636.7,7.252353E-002,6.827380E-002,6.655368E-002,6.460589E-002,6.981686E-002,8.185774E-002,9.311444E-002,7.449661E-002,8.995244E-002,6.253162E-002,8.157948E-002,8.246484E-002,7.942932E-002,7.715269E-002,6.488414E-002,
638.6,7.224179E-002,6.769796E-002,6.588554E-002,6.422627E-002,6.907643E-002,8.079338E-002,9.146373E-002,7.407975E-002,8.924287E-002,6.220963E-002,8.092102E-002,8.132945E-002,7.872569E-002,7.640272E-002,6.448154E-002,
640.6,7.161852E-002,6.686805E-002,6.508662E-002,6.387318E-002,6.797821E-002,7.969948E-002,8.945860E-002,7.324504E-002,8.819353E-002,6.154958E-002,7.982857E-002,7.964785E-002,7.781478E-002,7.533628E-002,6.364082E-002,
642.5,7.082494E-002,6.569687E-002,6.402240E-002,6.326365E-002,6.674341E-002,7.804610E-002,8.702022E-002,7.260407E-002,8.707255E-002,6.098742E-002,7.828157E-002,7.762748E-002,7.658094E-002,7.406923E-002,6.258340E-002,
644.5,7.017730E-002,6.460346E-002,6.301094E-002,6.258626E-002,6.532010E-002,7.617581E-002,8.419153E-002,7.171674E-002,8.562480E-002,6.022402E-002,7.686591E-002,7.522030E-002,7.506105E-002,7.248646E-002,6.160420E-002,
646.4,6.932082E-002,6.333279E-002,6.184927E-002,6.168744E-002,6.387226E-002,7.436478E-002,8.110805E-002,7.072342E-002,8.407509E-002,5.934078E-002,7.520095E-002,7.277337E-002,7.344770E-002,7.099315E-002,6.033878E-002,
648.4,6.826088E-002,6.217986E-002,6.053634E-002,6.094722E-002,6.239899E-002,7.242447E-002,7.814940E-002,6.960309E-002,8.244994E-002,5.837237E-002,7.360232E-002,7.037007E-002,7.173967E-002,6.927439E-002,5.911195E-002,
650.3,6.747578E-002,6.093419E-002,5.943102E-002,6.029395E-002,6.085068E-002,7.059348E-002,7.515867E-002,6.861708E-002,8.078165E-002,5.751030E-002,7.195747E-002,6.803251E-002,7.006458E-002,6.758713E-002,5.787217E-002,
652.3,6.650851E-002,5.964585E-002,5.823378E-002,5.950465E-002,5.939168E-002,6.865486E-002,7.258042E-002,6.758169E-002,7.935836E-002,5.676523E-002,7.043407E-002,6.585896E-002,6.851365E-002,6.600017E-002,5.679347E-002,
654.2,6.561695E-002,5.851703E-002,5.728600E-002,5.880332E-002,5.811623E-002,6.710564E-002,7.016891E-002,6.670484E-002,7.801317E-002,5.574005E-002,6.890925E-002,6.375608E-002,6.687661E-002,6.472946E-002,5.565417E-002,
656.2,6.504300E-002,5.731082E-002,5.606556E-002,5.806377E-002,5.673163E-002,6.544844E-002,6.759144E-002,6.576699E-002,7.648200E-002,5.493614E-002,6.756248E-002,6.159683E-002,6.553532E-002,6.336335E-002,5.458863E-002,
658.1,6.422420E-002,5.610860E-002,5.529120E-002,5.748066E-002,5.534958E-002,6.401985E-002,6.527514E-002,6.495402E-002,7.520070E-002,5.403591E-002,6.615093E-002,5.958254E-002,6.404904E-002,6.194716E-002,5.362721E-002,
660,6.355261E-002,5.519042E-002,5.433953E-002,5.686286E-002,5.410481E-002,6.249633E-002,6.302447E-002,6.399272E-002,7.390998E-002,5.334194E-002,6.478493E-002,5.771375E-002,6.284842E-002,6.082390E-002,5.266710E-002,
662,6.287716E-002,5.413441E-002,5.372229E-002,5.631274E-002,5.295693E-002,6.155250E-002,6.099320E-002,6.320097E-002,7.276795E-002,5.269200E-002,6.384858E-002,5.604781E-002,6.161137E-002,5.960967E-002,5.198552E-002,
663.9,6.220940E-002,5.346948E-002,5.299865E-002,5.591195E-002,5.199812E-002,6.038491E-002,5.920782E-002,6.238597E-002,7.171444E-002,5.214525E-002,6.297452E-002,5.479371E-002,6.091460E-002,5.861927E-002,5.123301E-002,
665.8,6.188801E-002,5.271181E-002,5.250660E-002,5.549692E-002,5.133392E-002,5.963061E-002,5.804749E-002,6.185869E-002,7.088830E-002,5.177367E-002,6.244503E-002,5.370859E-002,6.007036E-002,5.795954E-002,5.092348E-002,
667.8,6.147887E-002,5.242159E-002,5.213036E-002,5.521740E-002,5.081982E-002,5.897428E-002,5.699391E-002,6.139150E-002,7.036142E-002,5.134403E-002,6.191572E-002,5.297493E-002,5.946938E-002,5.748901E-002,5.055771E-002,
669.7,6.123096E-002,5.203046E-002,5.194393E-002,5.511652E-002,5.041532E-002,5.875058E-002,5.624135E-002,6.091371E-002,6.999885E-002,5.099216E-002,6.149054E-002,5.263613E-002,5.906784E-002,5.702007E-002,5.029995E-002,
671.6,6.123030E-002,5.175553E-002,5.189780E-002,5.497069E-002,5.007682E-002,5.855574E-002,5.588118E-002,6.066124E-002,6.970921E-002,5.087350E-002,6.151482E-002,5.229614E-002,5.903944E-002,5.690548E-002,5.013373E-002,
673.6,6.124512E-002,5.180983E-002,5.192216E-002,5.506725E-002,5.012496E-002,5.843700E-002,5.574120E-002,6.062733E-002,6.958524E-002,5.088315E-002,6.135745E-002,5.206256E-002,5.888630E-002,5.686445E-002,5.009688E-002,
675.5,6.121827E-002,5.187895E-002,5.207294E-002,5.512138E-002,5.007760E-002,5.839153E-002,5.584192E-002,6.052544E-002,6.955992E-002,5.082585E-002,6.143997E-002,5.212837E-002,5.866866E-002,5.681188E-002,5.032701E-002,
677.4,6.128652E-002,5.194841E-002,5.205795E-002,5.520716E-002,5.027795E-002,5.846592E-002,5.589178E-002,6.068406E-002,6.958403E-002,5.082564E-002,6.161514E-002,5.214010E-002,5.871238E-002,5.698716E-002,5.046964E-002,
679.3,6.142035E-002,5.220189E-002,5.239112E-002,5.531075E-002,5.041767E-002,5.868995E-002,5.606769E-002,6.082561E-002,6.980076E-002,5.087724E-002,6.174475E-002,5.233705E-002,5.879809E-002,5.717607E-002,5.057987E-002,
681.2,6.170332E-002,5.240373E-002,5.272441E-002,5.577082E-002,5.074691E-002,5.892413E-002,5.657251E-002,6.098180E-002,7.014778E-002,5.112103E-002,6.199727E-002,5.256407E-002,5.916464E-002,5.740092E-002,5.080035E-002,
683.2,6.218069E-002,5.283638E-002,5.299521E-002,5.598645E-002,5.103634E-002,5.926887E-002,5.741589E-002,6.154538E-002,7.075734E-002,5.145988E-002,6.255129E-002,5.323345E-002,5.969241E-002,5.791884E-002,5.124811E-002,
685.1,6.257549E-002,5.341106E-002,5.351610E-002,5.619453E-002,5.159918E-002,5.992332E-002,5.863663E-002,6.210283E-002,7.176619E-002,5.188803E-002,6.325823E-002,5.401502E-002,6.013340E-002,5.832152E-002,5.180925E-002,
687,6.344860E-002,5.413863E-002,5.421687E-002,5.659000E-002,5.239138E-002,6.071037E-002,6.097116E-002,6.290095E-002,7.304543E-002,5.244354E-002,6.433526E-002,5.546863E-002,6.104939E-002,5.919783E-002,5.254785E-002,
688.9,6.450025E-002,5.571536E-002,5.537848E-002,5.716655E-002,5.382363E-002,6.286766E-002,6.507036E-002,6.416336E-002,7.522869E-002,5.322760E-002,6.641789E-002,5.825494E-002,6.281583E-002,6.092410E-002,5.379771E-002,
690.8,6.609907E-002,5.797214E-002,5.771414E-002,5.848813E-002,5.647575E-002,6.640867E-002,7.208462E-002,6.622807E-002,7.843137E-002,5.482456E-002,6.971104E-002,6.315789E-002,6.571207E-002,6.388029E-002,5.611455E-002,
692.7,6.875289E-002,6.202148E-002,6.158471E-002,6.060840E-002,6.078824E-002,7.201583E-002,8.219002E-002,6.921535E-002,8.350033E-002,5.739684E-002,7.502184E-002,7.083398E-002,7.049997E-002,6.898412E-002,6.001747E-002,
694.6,7.272308E-002,6.818590E-002,6.767322E-002,6.423829E-002,6.744252E-002,8.064392E-002,9.574223E-002,7.364589E-002,9.035913E-002,6.136731E-002,8.302786E-002,8.189998E-002,7.767040E-002,7.649125E-002,6.616083E-002,
696.5,7.870169E-002,7.701358E-002,7.627184E-002,6.967286E-002,7.673223E-002,9.228330E-002,1.125406E-001,8.010845E-002,9.993094E-002,6.742205E-002,9.351101E-002,9.601760E-002,8.744916E-002,8.678415E-002,7.476277E-002,
698.4,8.662101E-002,8.820523E-002,8.746423E-002,7.716680E-002,8.853741E-002,1.067559E-001,1.314391E-001,8.835854E-002,1.117130E-001,7.555703E-002,1.063215E-001,1.127095E-001,9.983136E-002,9.960139E-002,8.588001E-002,
700.3,9.688307E-002,1.019970E-001,1.011020E-001,8.665525E-002,1.026874E-001,1.238590E-001,1.518576E-001,9.864737E-002,1.256488E-001,8.586259E-002,1.214298E-001,1.314275E-001,1.142448E-001,1.146539E-001,9.944003E-002,
702.2,1.089020E-001,1.173716E-001,1.164249E-001,9.812953E-002,1.182672E-001,1.424221E-001,1.725647E-001,1.106420E-001,1.408869E-001,9.810394E-002,1.376372E-001,1.509685E-001,1.302935E-001,1.309332E-001,1.143778E-001,
704.1,1.224458E-001,1.341110E-001,1.330086E-001,1.110114E-001,1.350596E-001,1.618767E-001,1.930522E-001,1.241123E-001,1.573388E-001,1.117293E-001,1.548263E-001,1.708243E-001,1.473401E-001,1.482630E-001,1.302654E-001,
706,1.372917E-001,1.515635E-001,1.503292E-001,1.249486E-001,1.522321E-001,1.817527E-001,2.130992E-001,1.387317E-001,1.743468E-001,1.268772E-001,1.724954E-001,1.904701E-001,1.648066E-001,1.662724E-001,1.471405E-001,
707.9,1.529448E-001,1.697724E-001,1.682238E-001,1.399370E-001,1.696949E-001,2.016208E-001,2.322304E-001,1.542353E-001,1.918392E-001,1.428018E-001,1.905745E-001,2.098539E-001,1.829608E-001,1.844061E-001,1.641202E-001,
709.8,1.696725E-001,1.884328E-001,1.864376E-001,1.555245E-001,1.876296E-001,2.214189E-001,2.506996E-001,1.705017E-001,2.095253E-001,1.594113E-001,2.084370E-001,2.285448E-001,2.013630E-001,2.026068E-001,1.814107E-001,
711.7,1.871420E-001,2.073222E-001,2.048745E-001,1.720133E-001,2.056557E-001,2.410166E-001,2.687480E-001,1.875325E-001,2.275544E-001,1.770389E-001,2.265129E-001,2.468493E-001,2.197948E-001,2.209926E-001,1.989897E-001,
713.6,2.056403E-001,2.267128E-001,2.237249E-001,1.891283E-001,2.239608E-001,2.604969E-001,2.863658E-001,2.054044E-001,2.461079E-001,1.952351E-001,2.449809E-001,2.648477E-001,2.385333E-001,2.397390E-001,2.168318E-001,
715.5,2.246174E-001,2.462533E-001,2.425066E-001,2.070712E-001,2.425066E-001,2.797098E-001,3.032982E-001,2.238522E-001,2.647757E-001,2.140897E-001,2.634037E-001,2.824538E-001,2.574934E-001,2.585224E-001,2.346702E-001,
717.4,2.443364E-001,2.661143E-001,2.615197E-001,2.255066E-001,2.608557E-001,2.986482E-001,3.200542E-001,2.429820E-001,2.833240E-001,2.336866E-001,2.816509E-001,2.997636E-001,2.763658E-001,2.771094E-001,2.526226E-001,
719.3,2.644069E-001,2.858901E-001,2.805661E-001,2.443951E-001,2.792017E-001,3.171652E-001,3.358660E-001,2.624271E-001,3.022901E-001,2.534646E-001,2.999893E-001,3.164428E-001,2.953877E-001,2.954679E-001,2.704800E-001,
721.1,2.850445E-001,3.055780E-001,2.989221E-001,2.633791E-001,2.970897E-001,3.350040E-001,3.512530E-001,2.821342E-001,3.208569E-001,2.734842E-001,3.179466E-001,3.324171E-001,3.137429E-001,3.138238E-001,2.879547E-001,
723,3.053541E-001,3.247222E-001,3.171706E-001,2.824817E-001,3.148344E-001,3.520495E-001,3.656317E-001,3.017412E-001,3.389292E-001,2.931030E-001,3.353163E-001,3.475131E-001,3.317578E-001,3.316220E-001,3.051639E-001,
724.9,3.255489E-001,3.434540E-001,3.345288E-001,3.012101E-001,3.317911E-001,3.680666E-001,3.794284E-001,3.209768E-001,3.564858E-001,3.124897E-001,3.519411E-001,3.616602E-001,3.490117E-001,3.486558E-001,3.214970E-001,
726.8,3.451938E-001,3.609433E-001,3.511240E-001,3.192939E-001,3.476762E-001,3.833402E-001,3.919184E-001,3.395945E-001,3.731623E-001,3.310440E-001,3.676458E-001,3.749000E-001,3.654668E-001,3.646945E-001,3.369466E-001,
728.7,3.637197E-001,3.775326E-001,3.664990E-001,3.367611E-001,3.625803E-001,3.970151E-001,4.034629E-001,3.573831E-001,3.890387E-001,3.488230E-001,3.824241E-001,3.868986E-001,3.805898E-001,3.798394E-001,3.515189E-001,
730.5,3.813201E-001,3.931559E-001,3.806766E-001,3.530317E-001,3.764515E-001,4.094686E-001,4.140015E-001,3.743250E-001,4.035927E-001,3.654551E-001,3.960100E-001,3.978847E-001,3.947229E-001,3.937435E-001,3.648955E-001,
732.4,3.976674E-001,4.073584E-001,3.936952E-001,3.683410E-001,3.890470E-001,4.208806E-001,4.235851E-001,3.898076E-001,4.170212E-001,3.809618E-001,4.082317E-001,4.077246E-001,4.076401E-001,4.065414E-001,3.771868E-001,
734.3,4.127173E-001,4.202615E-001,4.054568E-001,3.823988E-001,4.002666E-001,4.310672E-001,4.319748E-001,4.041521E-001,4.291954E-001,3.950764E-001,4.196943E-001,4.164327E-001,4.195241E-001,4.180777E-001,3.883264E-001,
736.1,4.266758E-001,4.318123E-001,4.159176E-001,3.952287E-001,4.106954E-001,4.401450E-001,4.394886E-001,4.170876E-001,4.402020E-001,4.082128E-001,4.298148E-001,4.241075E-001,4.300146E-001,4.284451E-001,3.984248E-001,
738,4.388151E-001,4.421448E-001,4.251514E-001,4.066653E-001,4.194965E-001,4.479433E-001,4.458191E-001,4.287970E-001,4.498665E-001,4.196113E-001,4.387002E-001,4.308637E-001,4.392743E-001,4.374085E-001,4.072394E-001,
739.9,4.501228E-001,4.515095E-001,4.336559E-001,4.169869E-001,4.277914E-001,4.550051E-001,4.515095E-001,4.396360E-001,4.586162E-001,4.301603E-001,4.467139E-001,4.369493E-001,4.474361E-001,4.457894E-001,4.152824E-001,
741.7,4.597421E-001,4.597130E-001,4.404845E-001,4.261357E-001,4.346753E-001,4.608458E-001,4.562565E-001,4.487045E-001,4.662194E-001,4.391193E-001,4.532938E-001,4.420530E-001,4.546590E-001,4.526839E-001,4.219821E-001,
743.6,4.682155E-001,4.667562E-001,4.467924E-001,4.339501E-001,4.405464E-001,4.659098E-001,4.606853E-001,4.566575E-001,4.726811E-001,4.472594E-001,4.594303E-001,4.463254E-001,4.607437E-001,4.587298E-001,4.277625E-001,
745.4,4.757378E-001,4.728041E-001,4.520918E-001,4.407968E-001,4.458722E-001,4.702811E-001,4.642375E-001,4.635628E-001,4.784369E-001,4.539694E-001,4.643255E-001,4.500381E-001,4.660858E-001,4.640028E-001,4.330810E-001,
747.3,4.818900E-001,4.778492E-001,4.566128E-001,4.469089E-001,4.500649E-001,4.741918E-001,4.672015E-001,4.696791E-001,4.833648E-001,4.598572E-001,4.685583E-001,4.531029E-001,4.705639E-001,4.684993E-001,4.373820E-001,
749.1,4.872600E-001,4.823418E-001,4.603875E-001,4.519732E-001,4.539583E-001,4.771273E-001,4.694537E-001,4.748459E-001,4.873489E-001,4.649502E-001,4.721794E-001,4.558841E-001,4.744904E-001,4.720017E-001,4.408628E-001,
751,4.917789E-001,4.857917E-001,4.635113E-001,4.560944E-001,4.565412E-001,4.795067E-001,4.715239E-001,4.792089E-001,4.907959E-001,4.691707E-001,4.750983E-001,4.576731E-001,4.775706E-001,4.751877E-001,4.440605E-001,
752.8,4.955381E-001,4.890998E-001,4.660119E-001,4.596934E-001,4.591543E-001,4.818530E-001,4.731089E-001,4.827813E-001,4.937713E-001,4.726298E-001,4.776607E-001,4.595736E-001,4.802659E-001,4.778403E-001,4.465473E-001,
754.7,4.984485E-001,4.916097E-001,4.682011E-001,4.624168E-001,4.611514E-001,4.835056E-001,4.743771E-001,4.857349E-001,4.959781E-001,4.755822E-001,4.794083E-001,4.608803E-001,4.823306E-001,4.798301E-001,4.485283E-001,
756.5,5.012588E-001,4.937365E-001,4.698353E-001,4.649823E-001,4.630410E-001,4.850011E-001,4.753860E-001,4.882465E-001,4.978920E-001,4.781158E-001,4.810276E-001,4.621008E-001,4.842124E-001,4.817253E-001,4.503321E-001,
758.4,5.033926E-001,4.953237E-001,4.711474E-001,4.669601E-001,4.644844E-001,4.859405E-001,4.762516E-001,4.903417E-001,4.994498E-001,4.800110E-001,4.822728E-001,4.629867E-001,4.857876E-001,4.830063E-001,4.517697E-001,
760.2,5.052651E-001,4.967670E-001,4.722889E-001,4.686865E-001,4.655459E-001,4.870066E-001,4.770614E-001,4.919638E-001,5.007082E-001,4.820494E-001,4.834042E-001,4.636369E-001,4.867295E-001,4.842047E-001,4.527988E-001,
762.1,5.066596E-001,4.979247E-001,4.730826E-001,4.700471E-001,4.664540E-001,4.877339E-001,4.774501E-001,4.933094E-001,5.019205E-001,4.829947E-001,4.841717E-001,4.644716E-001,4.877648E-001,4.851010E-001,4.538161E-001,
763.9,5.075250E-001,4.990185E-001,4.738416E-001,4.710996E-001,4.671424E-001,4.883931E-001,4.778301E-001,4.944069E-001,5.026953E-001,4.843735E-001,4.850590E-001,4.648677E-001,4.883308E-001,4.859627E-001,4.545851E-001,
765.7,5.080986E-001,4.995771E-001,4.741690E-001,4.717880E-001,4.674332E-001,4.886118E-001,4.779912E-001,4.953163E-001,5.033052E-001,4.849463E-001,4.854789E-001,4.651462E-001,4.890504E-001,4.863874E-001,4.551521E-001,
767.6,5.090136E-001,5.001891E-001,4.748818E-001,4.724866E-001,4.679483E-001,4.891270E-001,4.783486E-001,4.961235E-001,5.039395E-001,4.855972E-001,4.856918E-001,4.653955E-001,4.896628E-001,4.869839E-001,4.557517E-001,
769.4,5.093118E-001,5.005869E-001,4.749833E-001,4.727625E-001,4.678448E-001,4.889115E-001,4.783781E-001,4.962086E-001,5.042355E-001,4.862147E-001,4.858657E-001,4.655287E-001,4.897046E-001,4.873568E-001,4.558520E-001,
771.2,5.098674E-001,5.011854E-001,4.751714E-001,4.731531E-001,4.682194E-001,4.892676E-001,4.783110E-001,4.968604E-001,5.046454E-001,4.865765E-001,4.859999E-001,4.656244E-001,4.901006E-001,4.872493E-001,4.563337E-001,
773.1,5.101922E-001,5.013773E-001,4.751596E-001,4.733772E-001,4.681920E-001,4.892569E-001,4.783355E-001,4.973588E-001,5.046829E-001,4.867615E-001,4.862754E-001,4.656966E-001,4.900995E-001,4.876041E-001,4.563308E-001,
774.9,5.106027E-001,5.013602E-001,4.751401E-001,4.736980E-001,4.682573E-001,4.891023E-001,4.783521E-001,4.972961E-001,5.049982E-001,4.869391E-001,4.860542E-001,4.655042E-001,4.902822E-001,4.876274E-001,4.564256E-001,
776.7,5.104004E-001,5.015095E-001,4.749693E-001,4.736755E-001,4.681684E-001,4.893342E-001,4.783864E-001,4.972299E-001,5.050260E-001,4.871114E-001,4.860167E-001,4.655476E-001,4.901967E-001,4.875427E-001,4.565239E-001,
778.5,5.104771E-001,5.014584E-001,4.749388E-001,4.737654E-001,4.682335E-001,4.890200E-001,4.782580E-001,4.975023E-001,5.052134E-001,4.873772E-001,4.862708E-001,4.656519E-001,4.902605E-001,4.879136E-001,4.565997E-001,
780.3,5.106822E-001,5.018114E-001,4.751312E-001,4.737769E-001,4.684950E-001,4.889115E-001,4.782123E-001,4.976807E-001,5.054681E-001,4.873878E-001,4.862028E-001,4.655493E-001,4.902996E-001,4.879296E-001,4.567801E-001,
782.2,5.104505E-001,5.016591E-001,4.750111E-001,4.736770E-001,4.682037E-001,4.888995E-001,4.780214E-001,4.976225E-001,5.051141E-001,4.872576E-001,4.859577E-001,4.654329E-001,4.901652E-001,4.877707E-001,4.564704E-001,
784,5.103503E-001,5.017308E-001,4.746954E-001,4.736915E-001,4.679106E-001,4.887150E-001,4.775339E-001,4.974384E-001,5.051579E-001,4.871573E-001,4.856688E-001,4.654874E-001,4.901689E-001,4.876419E-001,4.563487E-001,
785.8,5.104338E-001,5.018062E-001,4.747308E-001,4.735735E-001,4.679971E-001,4.885842E-001,4.775015E-001,4.976327E-001,5.052082E-001,4.873216E-001,4.854277E-001,4.651212E-001,4.900922E-001,4.874619E-001,4.565286E-001,
787.6,5.101481E-001,5.017448E-001,4.744338E-001,4.735793E-001,4.675972E-001,4.882139E-001,4.773537E-001,4.974719E-001,5.048070E-001,4.868252E-001,4.853653E-001,4.649623E-001,4.898519E-001,4.873237E-001,4.561316E-001,
789.4,5.098920E-001,5.014856E-001,4.738749E-001,4.734039E-001,4.673527E-001,4.881151E-001,4.770273E-001,4.972462E-001,5.048192E-001,4.869556E-001,4.851076E-001,4.645626E-001,4.897819E-001,4.871005E-001,4.560838E-001,
791.2,5.098581E-001,5.014188E-001,4.738530E-001,4.732265E-001,4.674406E-001,4.880413E-001,4.768749E-001,4.972176E-001,5.046987E-001,4.868251E-001,4.849088E-001,4.646029E-001,4.896628E-001,4.868620E-001,4.559057E-001,
793,5.096211E-001,5.012354E-001,4.736074E-001,4.730833E-001,4.669811E-001,4.875337E-001,4.765274E-001,4.970425E-001,5.045672E-001,4.867475E-001,4.846885E-001,4.642857E-001,4.894804E-001,4.866727E-001,4.559374E-001,
794.8,5.097309E-001,5.010263E-001,4.733161E-001,4.730500E-001,4.667782E-001,4.875703E-001,4.764330E-001,4.968451E-001,5.044853E-001,4.865060E-001,4.844154E-001,4.641554E-001,4.893188E-001,4.865440E-001,4.557169E-001,
796.6,5.093474E-001,5.007516E-001,4.728829E-001,4.724974E-001,4.663300E-001,4.870293E-001,4.762364E-001,4.964345E-001,5.043364E-001,4.862969E-001,4.841383E-001,4.636704E-001,4.888024E-001,4.861427E-001,4.555757E-001,
798.4,5.090298E-001,5.008209E-001,4.729106E-001,4.726370E-001,4.663826E-001,4.872958E-001,4.762333E-001,4.964428E-001,5.044172E-001,4.861621E-001,4.840122E-001,4.638809E-001,4.885857E-001,4.863185E-001,4.556329E-001,
800.2,5.087803E-001,5.004955E-001,4.727078E-001,4.721529E-001,4.660483E-001,4.868197E-001,4.757997E-001,4.962540E-001,5.040235E-001,4.859080E-001,4.837278E-001,4.636699E-001,4.886828E-001,4.859872E-001,4.554644E-001,
802,5.085269E-001,5.004615E-001,4.724128E-001,4.720918E-001,4.658320E-001,4.866980E-001,4.756230E-001,4.960074E-001,5.038321E-001,4.856948E-001,4.836082E-001,4.632238E-001,4.882228E-001,4.859356E-001,4.553589E-001,
803.8,5.084443E-001,5.001218E-001,4.720689E-001,4.717441E-001,4.654108E-001,4.866028E-001,4.751543E-001,4.958184E-001,5.036944E-001,4.855473E-001,4.829896E-001,4.629750E-001,4.881049E-001,4.857096E-001,4.552614E-001,
805.6,5.082735E-001,4.998152E-001,4.716896E-001,4.716075E-001,4.652843E-001,4.863888E-001,4.749743E-001,4.956682E-001,5.034695E-001,4.851571E-001,4.826935E-001,4.626976E-001,4.877848E-001,4.852392E-001,4.547321E-001,
807.4,5.078238E-001,4.995227E-001,4.715478E-001,4.714647E-001,4.651143E-001,4.857843E-001,4.747852E-001,4.954966E-001,5.031752E-001,4.850371E-001,4.824223E-001,4.624995E-001,4.877765E-001,4.850371E-001,4.546964E-001,
809.2,5.076549E-001,4.997274E-001,4.712470E-001,4.712470E-001,4.645778E-001,4.855920E-001,4.744348E-001,4.951973E-001,5.029571E-001,4.849209E-001,4.820687E-001,4.621031E-001,4.872698E-001,4.849209E-001,4.544272E-001,
810.9,5.073476E-001,4.993012E-001,4.709694E-001,4.709270E-001,4.644899E-001,4.853682E-001,4.743150E-001,4.949392E-001,5.028586E-001,4.846059E-001,4.820226E-001,4.616525E-001,4.873587E-001,4.847753E-001,4.541566E-001,
812.7,5.071590E-001,4.990811E-001,4.705732E-001,4.707441E-001,4.641621E-001,4.849340E-001,4.737787E-001,4.948925E-001,5.026713E-001,4.844638E-001,4.814720E-001,4.617686E-001,4.868573E-001,4.845066E-001,4.540326E-001,
814.5,5.068057E-001,4.987509E-001,4.699345E-001,4.704083E-001,4.639042E-001,4.847950E-001,4.735096E-001,4.944435E-001,5.022829E-001,4.838043E-001,4.811768E-001,4.612336E-001,4.863025E-001,4.841058E-001,4.537819E-001,
816.3,5.064303E-001,4.985662E-001,4.699774E-001,4.701946E-001,4.635036E-001,4.844891E-001,4.733229E-001,4.941780E-001,5.022158E-001,4.837070E-001,4.811870E-001,4.610271E-001,4.863139E-001,4.838373E-001,4.536844E-001,
818.1,5.066095E-001,4.984242E-001,4.697102E-001,4.703668E-001,4.634947E-001,4.843299E-001,4.730806E-001,4.940471E-001,5.019697E-001,4.834107E-001,4.808282E-001,4.609122E-001,4.861245E-001,4.836295E-001,4.534711E-001,
819.8,5.059078E-001,4.982365E-001,4.697558E-001,4.696676E-001,4.631867E-001,4.840843E-001,4.726655E-001,4.940041E-001,5.017635E-001,4.833348E-001,4.803809E-001,4.606296E-001,4.859801E-001,4.833789E-001,4.533992E-001,
821.6,5.057232E-001,4.979592E-001,4.693434E-001,4.696539E-001,4.629104E-001,4.838953E-001,4.723602E-001,4.933008E-001,5.013310E-001,4.832298E-001,4.801242E-001,4.606034E-001,4.856256E-001,4.830524E-001,4.532387E-001,
823.4,5.058734E-001,4.978784E-001,4.692483E-001,4.694716E-001,4.629059E-001,4.837197E-001,4.723748E-001,4.934566E-001,5.014516E-001,4.830944E-001,4.800572E-001,4.604940E-001,4.855509E-001,4.830944E-001,4.532136E-001,
825.1,5.053667E-001,4.973279E-001,4.689451E-001,4.692594E-001,4.623883E-001,4.834958E-001,4.719091E-001,4.929268E-001,5.011452E-001,4.826874E-001,4.796335E-001,4.601428E-001,4.852921E-001,4.827772E-001,4.530920E-001,
826.9,5.053482E-001,4.974049E-001,4.686104E-001,4.692874E-001,4.622467E-001,4.832784E-001,4.718599E-001,4.928916E-001,5.009703E-001,4.823758E-001,4.793519E-001,4.600803E-001,4.847678E-001,4.825112E-001,4.528591E-001,
828.7,5.049671E-001,4.971649E-001,4.683602E-001,4.687231E-001,4.619642E-001,4.828306E-001,4.714901E-001,4.927648E-001,5.006124E-001,4.823316E-001,4.792470E-001,4.597868E-001,4.847811E-001,4.824223E-001,4.526196E-001,
830.4,5.051283E-001,4.970598E-001,4.680676E-001,4.686603E-001,4.618681E-001,4.828828E-001,4.714865E-001,4.925924E-001,5.006154E-001,4.823814E-001,4.791448E-001,4.596344E-001,4.846150E-001,4.821534E-001,4.527055E-001,
832.2,5.047593E-001,4.969797E-001,4.677833E-001,4.683782E-001,4.615596E-001,4.823357E-001,4.710324E-001,4.923119E-001,5.003661E-001,4.818781E-001,4.786290E-001,4.592715E-001,4.842577E-001,4.819696E-001,4.522698E-001,
833.9,5.045273E-001,4.970354E-001,4.682171E-001,4.684929E-001,4.615526E-001,4.826033E-001,4.710668E-001,4.923013E-001,5.002068E-001,4.818219E-001,4.786965E-001,4.593924E-001,4.844878E-001,4.819139E-001,4.525900E-001,
835.7,5.045195E-001,4.967718E-001,4.679948E-001,4.682254E-001,4.612156E-001,4.823372E-001,4.708541E-001,4.920679E-001,5.003689E-001,4.815993E-001,4.785095E-001,4.594171E-001,4.843664E-001,4.817377E-001,4.522228E-001,
837.4,5.044412E-001,4.966691E-001,4.677554E-001,4.683568E-001,4.612324E-001,4.823279E-001,4.706236E-001,4.921817E-001,5.000000E-001,4.814027E-001,4.784882E-001,4.591506E-001,4.838083E-001,4.816340E-001,4.519338E-001,
839.2,5.043151E-001,4.967520E-001,4.676132E-001,4.681700E-001,4.611637E-001,4.823218E-001,4.706292E-001,4.917873E-001,4.998608E-001,4.816258E-001,4.783779E-001,4.591685E-001,4.838994E-001,4.814402E-001,4.521158E-001,
840.9,5.040026E-001,4.963232E-001,4.675137E-001,4.678395E-001,4.609048E-001,4.820814E-001,4.705390E-001,4.916225E-001,4.999535E-001,4.813832E-001,4.782649E-001,4.590431E-001,4.838499E-001,4.813832E-001,4.521083E-001,
842.7,5.039013E-001,4.965659E-001,4.677849E-001,4.681587E-001,4.612438E-001,4.822221E-001,4.703546E-001,4.917535E-001,4.997430E-001,4.813344E-001,4.779704E-001,4.589544E-001,4.838574E-001,4.815213E-001,4.519927E-001,
844.4,5.040738E-001,4.966286E-001,4.676906E-001,4.680184E-001,4.609009E-001,4.821596E-001,4.701723E-001,4.917588E-001,4.999532E-001,4.815040E-001,4.776644E-001,4.588406E-001,4.835175E-001,4.814104E-001,4.519105E-001,
846.1,5.041318E-001,4.966664E-001,4.678843E-001,4.681660E-001,4.608883E-001,4.822049E-001,4.702319E-001,4.916894E-001,4.998122E-001,4.813598E-001,4.778383E-001,4.588694E-001,4.837074E-001,4.816415E-001,4.520612E-001,
847.9,5.037428E-001,4.966339E-001,4.674921E-001,4.679629E-001,4.609011E-001,4.820865E-001,4.701756E-001,4.917377E-001,4.996469E-001,4.813333E-001,4.774728E-001,4.585471E-001,4.835931E-001,4.811920E-001,4.518620E-001,
849.6,5.040835E-001,4.966719E-001,4.676864E-001,4.682528E-001,4.610301E-001,4.820847E-001,4.701412E-001,4.919039E-001,4.998820E-001,4.813294E-001,4.777888E-001,4.586225E-001,4.838786E-001,4.813294E-001,4.520606E-001,
851.3,5.040943E-001,4.967104E-001,4.675060E-001,4.683107E-001,4.606901E-001,4.822265E-001,4.701567E-001,4.918824E-001,4.998817E-001,4.815165E-001,4.774459E-001,4.585601E-001,4.836939E-001,4.812325E-001,4.518389E-001,
853.1,5.041071E-001,4.964152E-001,4.673567E-001,4.684013E-001,4.608518E-001,4.818860E-001,4.699682E-001,4.916196E-001,4.998338E-001,4.807464E-001,4.775652E-001,4.586677E-001,4.837377E-001,4.811263E-001,4.520203E-001,
854.8,5.038568E-001,4.966194E-001,4.675269E-001,4.682887E-001,4.605276E-001,4.816684E-001,4.698124E-001,4.918103E-001,4.997143E-001,4.810018E-001,4.773831E-001,4.584801E-001,4.835254E-001,4.810018E-001,4.518617E-001,
856.5,5.038675E-001,4.963713E-001,4.675325E-001,4.679144E-001,4.605615E-001,4.817131E-001,4.697765E-001,4.913102E-001,4.994748E-001,4.809492E-001,4.770817E-001,4.585084E-001,4.833843E-001,4.809969E-001,4.519194E-001,
858.3,5.037817E-001,4.964576E-001,4.673049E-001,4.680230E-001,4.603638E-001,4.816659E-001,4.695548E-001,4.912877E-001,4.996170E-001,4.809957E-001,4.771661E-001,4.583533E-001,4.831498E-001,4.808521E-001,4.518430E-001,
860,5.037681E-001,4.964719E-001,4.669035E-001,4.677195E-001,4.604714E-001,4.815437E-001,4.696395E-001,4.912399E-001,4.994960E-001,4.807757E-001,4.771276E-001,4.581673E-001,4.829357E-001,4.806797E-001,4.520232E-001,
861.7,5.034669E-001,4.961961E-001,4.668721E-001,4.675944E-001,4.600347E-001,4.814137E-001,4.691352E-001,4.911402E-001,4.995185E-001,4.805951E-001,4.766949E-001,4.579160E-001,4.828101E-001,4.807396E-001,4.517045E-001,
863.4,5.035512E-001,4.965937E-001,4.670242E-001,4.680388E-001,4.600667E-001,4.814224E-001,4.692951E-001,4.912306E-001,4.993960E-001,4.807460E-001,4.767841E-001,4.579408E-001,4.826786E-001,4.805527E-001,4.515147E-001,
865.1,5.034182E-001,4.962424E-001,4.668121E-001,4.676364E-001,4.598788E-001,4.810182E-001,4.691394E-001,4.908121E-001,4.992000E-001,4.805818E-001,4.765091E-001,4.576000E-001,4.827636E-001,4.801455E-001,4.513939E-001,
866.8,5.031633E-001,4.957173E-001,4.667121E-001,4.673448E-001,4.596068E-001,4.810201E-001,4.686101E-001,4.905100E-001,4.986373E-001,4.801441E-001,4.762507E-001,4.576601E-001,4.824800E-001,4.802414E-001,4.512361E-001,
868.5,5.029788E-001,4.958004E-001,4.665495E-001,4.671843E-001,4.595664E-001,4.808575E-001,4.682586E-001,4.902823E-001,4.984373E-001,4.798808E-001,4.762184E-001,4.574665E-001,4.823225E-001,4.798320E-001,4.509718E-001,
870.2,5.026950E-001,4.953450E-001,4.662877E-001,4.667287E-001,4.594767E-001,4.805958E-001,4.681987E-001,4.900529E-001,4.985300E-001,4.795178E-001,4.753038E-001,4.570757E-001,4.819679E-001,4.795668E-001,4.508526E-001,
871.9,5.026833E-001,4.953473E-001,4.661021E-001,4.668899E-001,4.591108E-001,4.804293E-001,4.680715E-001,4.899808E-001,4.981537E-001,4.794446E-001,4.755059E-001,4.568953E-001,4.815617E-001,4.794446E-001,4.505933E-001,
873.6,5.022752E-001,4.953507E-001,4.659709E-001,4.665150E-001,4.588980E-001,4.801167E-001,4.678504E-001,4.897616E-001,4.980710E-001,4.796221E-001,4.752201E-001,4.567712E-001,4.816995E-001,4.791770E-001,4.506875E-001,
875.3,5.024853E-001,4.952282E-001,4.661994E-001,4.666965E-001,4.588428E-001,4.802167E-001,4.678397E-001,4.899592E-001,4.980614E-001,4.793717E-001,4.752958E-001,4.566557E-001,4.816085E-001,4.792226E-001,4.505418E-001,
877,5.021215E-001,4.950831E-001,4.656317E-001,4.665302E-001,4.585434E-001,4.799581E-001,4.674287E-001,4.895922E-001,4.977787E-001,4.789597E-001,4.747666E-001,4.562971E-001,4.812060E-001,4.786103E-001,4.499077E-001,
878.7,5.020811E-001,4.946091E-001,4.653227E-001,4.665764E-001,4.584524E-001,4.797152E-001,4.671782E-001,4.895943E-001,4.975678E-001,4.789128E-001,4.746502E-001,4.560955E-001,4.811193E-001,4.788125E-001,4.501279E-001,
880.4,5.020935E-001,4.946275E-001,4.654190E-001,4.662765E-001,4.582051E-001,4.797962E-001,4.672350E-001,4.893306E-001,4.977551E-001,4.787873E-001,4.745498E-001,4.561873E-001,4.809565E-001,4.788882E-001,4.501841E-001,
882.1,5.015198E-001,4.943769E-001,4.648430E-001,4.660081E-001,4.581054E-001,4.794833E-001,4.668693E-001,4.891084E-001,4.972644E-001,4.785714E-001,4.741641E-001,4.559777E-001,4.804458E-001,4.782168E-001,4.497974E-001,
883.8,5.015021E-001,4.940170E-001,4.648913E-001,4.655532E-001,4.578135E-001,4.790977E-001,4.665207E-001,4.888233E-001,4.973267E-001,4.782830E-001,4.740567E-001,4.557259E-001,4.805234E-001,4.781303E-001,4.494119E-001,
885.5,5.009725E-001,4.940629E-001,4.644795E-001,4.655543E-001,4.575187E-001,4.788617E-001,4.664244E-001,4.885352E-001,4.968779E-001,4.781963E-001,4.736923E-001,4.555226E-001,4.802436E-001,4.777869E-001,4.491248E-001,
887.2,5.013373E-001,4.939821E-001,4.645613E-001,4.655900E-001,4.577718E-001,4.787573E-001,4.662586E-001,4.883242E-001,4.968110E-001,4.778829E-001,4.736653E-001,4.554058E-001,4.800432E-001,4.777801E-001,4.492851E-001,
888.8,5.011119E-001,4.938719E-001,4.645498E-001,4.652738E-001,4.575167E-001,4.786678E-001,4.657393E-001,4.882350E-001,4.967679E-001,4.778921E-001,4.734447E-001,4.550861E-001,4.802193E-001,4.777370E-001,4.491390E-001,
890.5,5.011973E-001,4.938574E-001,4.644456E-001,4.655908E-001,4.573139E-001,4.787611E-001,4.659552E-001,4.881832E-001,4.965643E-001,4.777720E-001,4.734513E-001,4.554399E-001,4.800625E-001,4.777720E-001,4.492972E-001,
892.2,5.010730E-001,4.936928E-001,4.643287E-001,4.655326E-001,4.574719E-001,4.786705E-001,4.660560E-001,4.881968E-001,4.965192E-001,4.778330E-001,4.733316E-001,4.552211E-001,4.800314E-001,4.776760E-001,4.492541E-001,
893.9,5.005796E-001,4.932561E-001,4.642255E-001,4.655427E-001,4.572708E-001,4.783983E-001,4.655954E-001,4.878820E-001,4.965753E-001,4.775026E-001,4.730242E-001,4.550053E-001,4.796101E-001,4.774499E-001,4.489989E-001,
895.5,5.006630E-001,4.934500E-001,4.643861E-001,4.653938E-001,4.569610E-001,4.784938E-001,4.658181E-001,4.877221E-001,4.963140E-001,4.774861E-001,4.727658E-001,4.550517E-001,4.796075E-001,4.772739E-001,4.490056E-001,
897.2,5.002671E-001,4.933768E-001,4.639996E-001,4.653349E-001,4.567888E-001,4.782609E-001,4.652281E-001,4.877684E-001,4.962611E-001,4.775665E-001,4.729196E-001,4.548659E-001,4.794894E-001,4.772994E-001,4.488837E-001,
898.9,5.001344E-001,4.931463E-001,4.636349E-001,4.648713E-001,4.564318E-001,4.780949E-001,4.650325E-001,4.873945E-001,4.960490E-001,4.770736E-001,4.721282E-001,4.547116E-001,4.791163E-001,4.768586E-001,4.485836E-001,
900.5,4.998647E-001,4.926658E-001,4.639242E-001,4.646820E-001,4.563464E-001,4.775101E-001,4.648444E-001,4.870907E-001,4.956969E-001,4.770771E-001,4.721516E-001,4.542896E-001,4.788092E-001,4.768606E-001,4.484438E-001,
902.2,4.997545E-001,4.932082E-001,4.637499E-001,4.648955E-001,4.566581E-001,4.777699E-001,4.649501E-001,4.873711E-001,4.958813E-001,4.770062E-001,4.723692E-001,4.547488E-001,4.794065E-001,4.767880E-001,4.488026E-001,
903.9,4.998077E-001,4.929392E-001,4.633222E-001,4.647508E-001,4.563987E-001,4.775537E-001,4.649706E-001,4.871696E-001,4.956866E-001,4.766196E-001,4.718391E-001,4.543656E-001,4.789824E-001,4.766196E-001,4.485961E-001,
905.5,4.993911E-001,4.926935E-001,4.631352E-001,4.645743E-001,4.562161E-001,4.775268E-001,4.646297E-001,4.868261E-001,4.955718E-001,4.764751E-001,4.718809E-001,4.546109E-001,4.789660E-001,4.764751E-001,4.484667E-001,
907.2,4.993305E-001,4.922450E-001,4.633452E-001,4.646842E-001,4.562598E-001,4.773488E-001,4.644053E-001,4.868891E-001,4.954251E-001,4.764561E-001,4.717697E-001,4.541397E-001,4.785762E-001,4.761772E-001,4.482816E-001,
908.8,4.993538E-001,4.920483E-001,4.626019E-001,4.640629E-001,4.555774E-001,4.771565E-001,4.640067E-001,4.864850E-001,4.950267E-001,4.761450E-001,4.714246E-001,4.542849E-001,4.781118E-001,4.759202E-001,4.481596E-001,
910.5,4.990648E-001,4.920365E-001,4.627898E-001,4.643201E-001,4.558749E-001,4.768463E-001,4.642068E-001,4.865386E-001,4.949272E-001,4.760528E-001,4.716318E-001,4.540611E-001,4.782067E-001,4.760528E-001,4.482798E-001,
912.1,4.990283E-001,4.918839E-001,4.625629E-001,4.642775E-001,4.557613E-001,4.766232E-001,4.637060E-001,4.859396E-001,4.947988E-001,4.759374E-001,4.714792E-001,4.538180E-001,4.782236E-001,4.758802E-001,4.480453E-001,
913.7,4.987032E-001,4.916719E-001,4.624517E-001,4.639502E-001,4.555357E-001,4.765143E-001,4.634315E-001,4.857357E-001,4.947265E-001,4.759956E-001,4.709815E-001,4.536338E-001,4.783010E-001,4.757651E-001,4.478704E-001,
915.4,4.981975E-001,4.913943E-001,4.620886E-001,4.637749E-001,4.552274E-001,4.762763E-001,4.630771E-001,4.853471E-001,4.941854E-001,4.754623E-001,4.706943E-001,4.533667E-001,4.777881E-001,4.756948E-001,4.474939E-001,
917,4.979750E-001,4.910489E-001,4.617597E-001,4.634032E-001,4.548923E-001,4.758467E-001,4.629336E-001,4.852380E-001,4.941011E-001,4.750836E-001,4.701532E-001,4.531901E-001,4.770206E-001,4.752597E-001,4.472031E-001,
918.6,4.974225E-001,4.907270E-001,4.615749E-001,4.631747E-001,4.543462E-001,4.754399E-001,4.627600E-001,4.846240E-001,4.938081E-001,4.746697E-001,4.699295E-001,4.522723E-001,4.767435E-001,4.746104E-001,4.471174E-001,
920.3,4.971271E-001,4.902442E-001,4.608571E-001,4.629519E-001,4.543333E-001,4.749820E-001,4.622337E-001,4.844984E-001,4.935959E-001,4.745631E-001,4.697750E-001,4.526574E-001,4.765382E-001,4.746229E-001,4.467920E-001,
921.9,4.962829E-001,4.895739E-001,4.606830E-001,4.624358E-001,4.536114E-001,4.748262E-001,4.621336E-001,4.838924E-001,4.928377E-001,4.739801E-001,4.693865E-001,4.519190E-001,4.759746E-001,4.737987E-001,4.465397E-001,
923.5,4.957249E-001,4.893123E-001,4.603640E-001,4.615854E-001,4.534628E-001,4.743496E-001,4.611579E-001,4.830829E-001,4.921217E-001,4.734946E-001,4.688531E-001,4.515696E-001,4.755710E-001,4.734946E-001,4.460120E-001,
925.2,4.953392E-001,4.886721E-001,4.597197E-001,4.609544E-001,4.528057E-001,4.734243E-001,4.605840E-001,4.828076E-001,4.917588E-001,4.727452E-001,4.683622E-001,4.510155E-001,4.751528E-001,4.729922E-001,4.453979E-001,
926.8,4.946928E-001,4.880120E-001,4.594780E-001,4.607892E-001,4.521104E-001,4.730270E-001,4.603521E-001,4.823302E-001,4.913212E-001,4.720904E-001,4.675325E-001,4.502997E-001,4.743382E-001,4.724650E-001,4.451174E-001,
928.4,4.940916E-001,4.870774E-001,4.587678E-001,4.609163E-001,4.520063E-001,4.726066E-001,4.597788E-001,4.817694E-001,4.906793E-001,4.715324E-001,4.671722E-001,4.501106E-001,4.736809E-001,4.718483E-001,4.445498E-001,
930,4.937284E-001,4.870088E-001,4.580187E-001,4.600026E-001,4.512991E-001,4.720978E-001,4.589786E-001,4.807372E-001,4.900806E-001,4.713938E-001,4.664022E-001,4.495712E-001,4.733777E-001,4.715858E-001,4.444516E-001,
931.6,4.929331E-001,4.865145E-001,4.576634E-001,4.593491E-001,4.506613E-001,4.713434E-001,4.583766E-001,4.806146E-001,4.895617E-001,4.703709E-001,4.663511E-001,4.491701E-001,4.728345E-001,4.710840E-001,4.436592E-001,
933.2,4.917418E-001,4.854906E-001,4.566033E-001,4.585115E-001,4.501546E-001,4.709482E-001,4.579851E-001,4.797657E-001,4.887149E-001,4.696322E-001,4.652892E-001,4.485096E-001,4.719353E-001,4.702244E-001,4.428506E-001,
934.8,4.912855E-001,4.844073E-001,4.558932E-001,4.576294E-001,4.488147E-001,4.699833E-001,4.569616E-001,4.787980E-001,4.876127E-001,4.689149E-001,4.645075E-001,4.478130E-001,4.716528E-001,4.697830E-001,4.423372E-001,
936.5,4.903265E-001,4.838097E-001,4.554341E-001,4.572670E-001,4.489172E-001,4.691467E-001,4.562487E-001,4.783110E-001,4.871360E-001,4.686036E-001,4.639875E-001,4.471523E-001,4.706401E-001,4.691467E-001,4.414500E-001,
938.1,4.896676E-001,4.831709E-001,4.548345E-001,4.568388E-001,4.484069E-001,4.685880E-001,4.556638E-001,4.772272E-001,4.864884E-001,4.672749E-001,4.629898E-001,4.466791E-001,4.703158E-001,4.683807E-001,4.412192E-001,
939.7,4.886779E-001,4.819972E-001,4.540788E-001,4.559775E-001,4.471167E-001,4.676512E-001,4.547820E-001,4.760197E-001,4.853024E-001,4.664557E-001,4.621660E-001,4.457103E-001,4.694093E-001,4.671589E-001,4.403657E-001,
941.3,4.877263E-001,4.815000E-001,4.530165E-001,4.550204E-001,4.465040E-001,4.670436E-001,4.540185E-001,4.749875E-001,4.846490E-001,4.656838E-001,4.613898E-001,4.452158E-001,4.687612E-001,4.671152E-001,4.394904E-001,
942.8,4.871981E-001,4.807972E-001,4.522840E-001,4.538842E-001,4.459558E-001,4.663224E-001,4.534478E-001,4.746872E-001,4.835612E-001,4.646494E-001,4.613762E-001,4.448647E-001,4.682863E-001,4.657405E-001,4.395548E-001,
944.4,4.862128E-001,4.797073E-001,4.517631E-001,4.539070E-001,4.449619E-001,4.661788E-001,4.527242E-001,4.736453E-001,4.829600E-001,4.641827E-001,4.601907E-001,4.441487E-001,4.669919E-001,4.653656E-001,4.385303E-001,
946,4.851849E-001,4.791839E-001,4.509789E-001,4.524792E-001,4.444528E-001,4.647813E-001,4.514290E-001,4.730328E-001,4.820344E-001,4.628310E-001,4.596054E-001,4.432526E-001,4.665066E-001,4.644813E-001,4.379266E-001,
947.6,4.844976E-001,4.785556E-001,4.502933E-001,4.523501E-001,4.438943E-001,4.640055E-001,4.511313E-001,4.717757E-001,4.812219E-001,4.622534E-001,4.585968E-001,4.429039E-001,4.658338E-001,4.637769E-001,4.371143E-001,
949.2,4.841030E-001,4.776824E-001,4.500658E-001,4.513808E-001,4.432583E-001,4.637580E-001,4.506846E-001,4.712617E-001,4.805446E-001,4.619014E-001,4.583430E-001,4.423300E-001,4.650731E-001,4.635260E-001,4.367603E-001,
950.8,4.825257E-001,4.766355E-001,4.485981E-001,4.509542E-001,4.419226E-001,4.624990E-001,4.497762E-001,4.705882E-001,4.799340E-001,4.606142E-001,4.574727E-001,4.415299E-001,4.645410E-001,4.624205E-001,4.363465E-001,
952.4,4.816144E-001,4.758714E-001,4.481136E-001,4.496291E-001,4.416527E-001,4.623116E-001,4.490708E-001,4.691713E-001,4.786632E-001,4.598389E-001,4.569674E-001,4.403765E-001,4.639068E-001,4.619925E-001,4.354311E-001,
953.9,4.810281E-001,4.748662E-001,4.475434E-001,4.491649E-001,4.408140E-001,4.611643E-001,4.483541E-001,4.685422E-001,4.780282E-001,4.587320E-001,4.561375E-001,4.400032E-001,4.629479E-001,4.610832E-001,4.348954E-001,
955.5,4.800989E-001,4.739184E-001,4.467244E-001,4.479604E-001,4.399670E-001,4.602390E-001,4.469716E-001,4.674907E-001,4.772147E-001,4.581788E-001,4.552122E-001,4.393902E-001,4.617223E-001,4.601566E-001,4.341162E-001,
957.1,4.788768E-001,4.728416E-001,4.461861E-001,4.471081E-001,4.394803E-001,4.597653E-001,4.464376E-001,4.660520E-001,4.760268E-001,4.567477E-001,4.545683E-001,4.390612E-001,4.611903E-001,4.595138E-001,4.333613E-001,
958.7,4.776412E-001,4.725209E-001,4.456392E-001,4.460659E-001,4.383001E-001,4.585253E-001,4.455538E-001,4.653524E-001,4.755931E-001,4.554531E-001,4.538317E-001,4.377880E-001,4.602321E-001,4.587814E-001,4.326677E-001,
960.2,4.772174E-001,4.713913E-001,4.446957E-001,4.460870E-001,4.380870E-001,4.581739E-001,4.446957E-001,4.645217E-001,4.745217E-001,4.549565E-001,4.536522E-001,4.373043E-001,4.597391E-001,4.581739E-001,4.322609E-001,
961.8,4.759586E-001,4.702028E-001,4.436377E-001,4.450545E-001,4.369964E-001,4.572744E-001,4.439919E-001,4.636500E-001,4.734791E-001,4.543523E-001,4.528469E-001,4.366422E-001,4.588683E-001,4.570088E-001,4.317719E-001,
963.3,4.754084E-001,4.699937E-001,4.430106E-001,4.440935E-001,4.362422E-001,4.568180E-001,4.433715E-001,4.623229E-001,4.732425E-001,4.533887E-001,4.517643E-001,4.355203E-001,4.585326E-001,4.565472E-001,4.310080E-001,
964.9,4.752047E-001,4.690404E-001,4.425430E-001,4.442911E-001,4.352746E-001,4.558837E-001,4.428190E-001,4.625081E-001,4.721686E-001,4.522035E-001,4.511915E-001,4.359187E-001,4.571718E-001,4.558837E-001,4.303984E-001,
966.4,4.740400E-001,4.688762E-001,4.420242E-001,4.429631E-001,4.352643E-001,4.552624E-001,4.420242E-001,4.612712E-001,4.715050E-001,4.519763E-001,4.508497E-001,4.347010E-001,4.563891E-001,4.558257E-001,4.297249E-001,
968,4.731801E-001,4.676245E-001,4.415709E-001,4.431992E-001,4.343870E-001,4.547893E-001,4.418582E-001,4.608238E-001,4.709770E-001,4.514368E-001,4.500958E-001,4.344828E-001,4.565134E-001,4.545019E-001,4.292146E-001,
969.5,4.727841E-001,4.671162E-001,4.406332E-001,4.416105E-001,4.334995E-001,4.538259E-001,4.405355E-001,4.596892E-001,4.703411E-001,4.506010E-001,4.490374E-001,4.334995E-001,4.560735E-001,4.536304E-001,4.284179E-001,
971.1,4.719752E-001,4.663803E-001,4.399041E-001,4.420022E-001,4.335098E-001,4.533919E-001,4.401039E-001,4.595864E-001,4.690778E-001,4.496953E-001,4.490958E-001,4.336098E-001,4.554901E-001,4.533919E-001,4.287142E-001,
972.6,4.711636E-001,4.647442E-001,4.394742E-001,4.406970E-001,4.323416E-001,4.521092E-001,4.390666E-001,4.581211E-001,4.686163E-001,4.487467E-001,4.476258E-001,4.329529E-001,4.540452E-001,4.528225E-001,4.269411E-001,
974.2,4.702939E-001,4.643527E-001,4.383990E-001,4.393371E-001,4.311028E-001,4.513237E-001,4.386075E-001,4.575777E-001,4.681051E-001,4.483010E-001,4.476756E-001,4.319366E-001,4.536168E-001,4.522618E-001,4.265166E-001,
975.7,4.692308E-001,4.642094E-001,4.376068E-001,4.392094E-001,4.311966E-001,4.511752E-001,4.379274E-001,4.570513E-001,4.674145E-001,4.476496E-001,4.466880E-001,4.309829E-001,4.523504E-001,4.517094E-001,4.258547E-001,
977.3,4.685139E-001,4.630380E-001,4.366444E-001,4.383967E-001,4.297448E-001,4.503340E-001,4.368634E-001,4.555908E-001,4.666521E-001,4.462819E-001,4.460629E-001,4.301829E-001,4.519768E-001,4.505531E-001,4.248166E-001,
978.8,4.676437E-001,4.623450E-001,4.361894E-001,4.374295E-001,4.285231E-001,4.497182E-001,4.365276E-001,4.552424E-001,4.657272E-001,4.455468E-001,4.453213E-001,4.302142E-001,4.509583E-001,4.500564E-001,4.246900E-001,
980.3,4.678771E-001,4.614758E-001,4.355214E-001,4.375000E-001,4.291201E-001,4.489060E-001,4.359870E-001,4.541434E-001,4.649674E-001,4.449488E-001,4.444832E-001,4.291201E-001,4.507682E-001,4.498371E-001,4.244646E-001,
981.8,4.664193E-001,4.604334E-001,4.350533E-001,4.367293E-001,4.291871E-001,4.483419E-001,4.352927E-001,4.545672E-001,4.643841E-001,4.452293E-001,4.443912E-001,4.291871E-001,4.504968E-001,4.492997E-001,4.239195E-001,
983.4,4.653381E-001,4.598362E-001,4.341607E-001,4.357501E-001,4.275584E-001,4.473652E-001,4.346497E-001,4.528671E-001,4.637486E-001,4.438195E-001,4.427192E-001,4.281697E-001,4.493214E-001,4.478543E-001,4.229123E-001,
984.9,4.645483E-001,4.589408E-001,4.336449E-001,4.351402E-001,4.262928E-001,4.461059E-001,4.330218E-001,4.525857E-001,4.634268E-001,4.428660E-001,4.424922E-001,4.267913E-001,4.485981E-001,4.472274E-001,4.219315E-001,
986.4,4.640356E-001,4.583068E-001,4.328453E-001,4.343730E-001,4.259707E-001,4.454488E-001,4.320815E-001,4.518141E-001,4.623806E-001,4.423934E-001,4.423934E-001,4.260980E-001,4.474857E-001,4.465945E-001,4.213877E-001,
987.9,4.633638E-001,4.571056E-001,4.319426E-001,4.328553E-001,4.250326E-001,4.443286E-001,4.319426E-001,4.501956E-001,4.617992E-001,4.410691E-001,4.410691E-001,4.258149E-001,4.473272E-001,4.456323E-001,4.205997E-001,
989.4,4.618079E-001,4.562845E-001,4.305537E-001,4.328439E-001,4.246262E-001,4.442948E-001,4.313620E-001,4.499528E-001,4.607302E-001,4.403880E-001,4.399838E-001,4.252997E-001,4.463155E-001,4.448336E-001,4.200458E-001,
990.9,4.608007E-001,4.548235E-001,4.293856E-001,4.314707E-001,4.231304E-001,4.428691E-001,4.296636E-001,4.488463E-001,4.592716E-001,4.395329E-001,4.396719E-001,4.243814E-001,4.446761E-001,4.432861E-001,4.193773E-001,
992.4,4.608733E-001,4.553445E-001,4.296853E-001,4.303941E-001,4.230224E-001,4.431528E-001,4.294018E-001,4.486816E-001,4.591721E-001,4.391834E-001,4.391834E-001,4.234477E-001,4.448540E-001,4.431528E-001,4.187695E-001,
993.9,4.593543E-001,4.534448E-001,4.277890E-001,4.290862E-001,4.217354E-001,4.410493E-001,4.282214E-001,4.475353E-001,4.579129E-001,4.384549E-001,4.374459E-001,4.226002E-001,4.434996E-001,4.417700E-001,4.178438E-001,
995.4,4.590795E-001,4.528637E-001,4.277046E-001,4.291845E-001,4.204529E-001,4.405801E-001,4.278526E-001,4.463519E-001,4.570075E-001,4.379162E-001,4.368803E-001,4.213408E-001,4.430960E-001,4.420601E-001,4.170490E-001,
996.9,4.571125E-001,4.519508E-001,4.259906E-001,4.281160E-001,4.200698E-001,4.402611E-001,4.267497E-001,4.454228E-001,4.557462E-001,4.367694E-001,4.366176E-001,4.211325E-001,4.419311E-001,4.408684E-001,4.164263E-001,
998.4,4.569423E-001,4.503900E-001,4.260530E-001,4.276131E-001,4.184087E-001,4.385335E-001,4.266771E-001,4.443058E-001,4.547582E-001,4.360374E-001,4.347894E-001,4.201248E-001,4.416537E-001,4.397816E-001,4.151326E-001,
999.9,4.553629E-001,4.497431E-001,4.243738E-001,4.256583E-001,4.179512E-001,4.377007E-001,4.256583E-001,4.444444E-001,4.539178E-001,4.340077E-001,4.336866E-001,4.193963E-001,4.405909E-001,4.388247E-001,4.140976E-001,
1001.4,4.542597E-001,4.481390E-001,4.233251E-001,4.254756E-001,4.173697E-001,4.370554E-001,4.249793E-001,4.421836E-001,4.539289E-001,4.339123E-001,4.335815E-001,4.186931E-001,4.392060E-001,4.378825E-001,4.140612E-001,
1002.9,4.539563E-001,4.476467E-001,4.220668E-001,4.244543E-001,4.166098E-001,4.367326E-001,4.249659E-001,4.421896E-001,4.525921E-001,4.333220E-001,4.333220E-001,4.184857E-001,4.392906E-001,4.372442E-001,4.137108E-001,
1004.4,4.531387E-001,4.462810E-001,4.220151E-001,4.239494E-001,4.156849E-001,4.352031E-001,4.232460E-001,4.413575E-001,4.519079E-001,4.325655E-001,4.315105E-001,4.170916E-001,4.383682E-001,4.359065E-001,4.128715E-001,
1005.9,4.506430E-001,4.452092E-001,4.202137E-001,4.232929E-001,4.144177E-001,4.336171E-001,4.227495E-001,4.397754E-001,4.506430E-001,4.312625E-001,4.310813E-001,4.167723E-001,4.363340E-001,4.354284E-001,4.122442E-001,
1007.3,4.503077E-001,4.441544E-001,4.195413E-001,4.217789E-001,4.139474E-001,4.327802E-001,4.214059E-001,4.398657E-001,4.493753E-001,4.299832E-001,4.301697E-001,4.156256E-001,4.368823E-001,4.342719E-001,4.115234E-001,
1008.8,4.488974E-001,4.423778E-001,4.186002E-001,4.207095E-001,4.134228E-001,4.318313E-001,4.207095E-001,4.387344E-001,4.487057E-001,4.301055E-001,4.295302E-001,4.153404E-001,4.350911E-001,4.329818E-001,4.107383E-001,
1010.3,4.463299E-001,4.413970E-001,4.167324E-001,4.192976E-001,4.116022E-001,4.315312E-001,4.196922E-001,4.376480E-001,4.475138E-001,4.279795E-001,4.283741E-001,4.147593E-001,4.344909E-001,4.325178E-001,4.102210E-001,
1011.8,4.468648E-001,4.399430E-001,4.163274E-001,4.197883E-001,4.102199E-001,4.297638E-001,4.185668E-001,4.358713E-001,4.468648E-001,4.273208E-001,4.271173E-001,4.132736E-001,4.332248E-001,4.322068E-001,4.085912E-001,
1013.2,4.463123E-001,4.395881E-001,4.158437E-001,4.181551E-001,4.101702E-001,4.284514E-001,4.187855E-001,4.355957E-001,4.463123E-001,4.267703E-001,4.271906E-001,4.133221E-001,4.316033E-001,4.311830E-001,4.080689E-001,
1014.7,4.432163E-001,4.388817E-001,4.146077E-001,4.159081E-001,4.087560E-001,4.280451E-001,4.176420E-001,4.338968E-001,4.443000E-001,4.258778E-001,4.252276E-001,4.120069E-001,4.315128E-001,4.297789E-001,4.068054E-001,
1016.1,4.419643E-001,4.368304E-001,4.120536E-001,4.158482E-001,4.071429E-001,4.261161E-001,4.156250E-001,4.332589E-001,4.435268E-001,4.243304E-001,4.243304E-001,4.109375E-001,4.301339E-001,4.281250E-001,4.058036E-001,
1017.6,4.421344E-001,4.361284E-001,4.123354E-001,4.148764E-001,4.072534E-001,4.257334E-001,4.167244E-001,4.324324E-001,4.437514E-001,4.245784E-001,4.245784E-001,4.111804E-001,4.296604E-001,4.291984E-001,4.060984E-001,
1019.1,4.396572E-001,4.341823E-001,4.115687E-001,4.129969E-001,4.058557E-001,4.239467E-001,4.144251E-001,4.308498E-001,4.417996E-001,4.222804E-001,4.222804E-001,4.094263E-001,4.279933E-001,4.277553E-001,4.049036E-001,
1020.5,4.387303E-001,4.333169E-001,4.104331E-001,4.114173E-001,4.060039E-001,4.232283E-001,4.160925E-001,4.303642E-001,4.399606E-001,4.207677E-001,4.224902E-001,4.104331E-001,4.288878E-001,4.261811E-001,4.042815E-001,
1022,4.379451E-001,4.326043E-001,4.102238E-001,4.122584E-001,4.053917E-001,4.237030E-001,4.155646E-001,4.290437E-001,4.404883E-001,4.209054E-001,4.214140E-001,4.084435E-001,4.270092E-001,4.259919E-001,4.038657E-001,
1023.4,4.372374E-001,4.309349E-001,4.083508E-001,4.104517E-001,4.028361E-001,4.222689E-001,4.138655E-001,4.285714E-001,4.396008E-001,4.206933E-001,4.209559E-001,4.078256E-001,4.264706E-001,4.259454E-001,4.028361E-001,
1024.8,4.357512E-001,4.308612E-001,4.080413E-001,4.102146E-001,4.034230E-001,4.218962E-001,4.145613E-001,4.278729E-001,4.387395E-001,4.202662E-001,4.194512E-001,4.085846E-001,4.267862E-001,4.254279E-001,4.023363E-001,
1026.3,4.338565E-001,4.288117E-001,4.052691E-001,4.086323E-001,4.010650E-001,4.209641E-001,4.128363E-001,4.262892E-001,4.375000E-001,4.173206E-001,4.184417E-001,4.072309E-001,4.251682E-001,4.237668E-001,4.016256E-001,
1027.7,4.334204E-001,4.279083E-001,4.064404E-001,4.087612E-001,4.012185E-001,4.197853E-001,4.139832E-001,4.255875E-001,4.366115E-001,4.165941E-001,4.189150E-001,4.064404E-001,4.255875E-001,4.223963E-001,4.009283E-001,
1029.2,4.316956E-001,4.272019E-001,4.032355E-001,4.068304E-001,4.008388E-001,4.191132E-001,4.113241E-001,4.254044E-001,4.358898E-001,4.167166E-001,4.176153E-001,4.050330E-001,4.233074E-001,4.230078E-001,4.008388E-001,
1030.6,4.311785E-001,4.237550E-001,4.027219E-001,4.048871E-001,3.996288E-001,4.178781E-001,4.104547E-001,4.222085E-001,4.345809E-001,4.141664E-001,4.160223E-001,4.055057E-001,4.218992E-001,4.203526E-001,3.990102E-001,
1032,4.284802E-001,4.240102E-001,4.007024E-001,4.032567E-001,3.962324E-001,4.157088E-001,4.102810E-001,4.204981E-001,4.342273E-001,4.131545E-001,4.166667E-001,4.051724E-001,4.214559E-001,4.192209E-001,3.981481E-001,
1033.4,4.257916E-001,4.224934E-001,4.003958E-001,4.023747E-001,3.967678E-001,4.155673E-001,4.116095E-001,4.195251E-001,4.327177E-001,4.132586E-001,4.155673E-001,4.033641E-001,4.195251E-001,4.208443E-001,3.977573E-001,
1034.9,4.235734E-001,4.188179E-001,3.987772E-001,3.994565E-001,3.957201E-001,4.133832E-001,4.086277E-001,4.154212E-001,4.286685E-001,4.093071E-001,4.127038E-001,4.014946E-001,4.177989E-001,4.191576E-001,3.940217E-001,
1036.3,4.232118E-001,4.186536E-001,3.958626E-001,3.993689E-001,3.941094E-001,4.119916E-001,4.088359E-001,4.144460E-001,4.291725E-001,4.074334E-001,4.102384E-001,4.000701E-001,4.176017E-001,4.161992E-001,3.941094E-001,
1037.7,4.203108E-001,4.148898E-001,3.946512E-001,3.971811E-001,3.917600E-001,4.101915E-001,4.058547E-001,4.138056E-001,4.250090E-001,4.051319E-001,4.094687E-001,3.989881E-001,4.145284E-001,4.148898E-001,3.921214E-001,
1039.1,4.196195E-001,4.140246E-001,3.931369E-001,3.946289E-001,3.920179E-001,4.099217E-001,4.054457E-001,4.125326E-001,4.255875E-001,4.046997E-001,4.088027E-001,3.991048E-001,4.136516E-001,4.136516E-001,3.886609E-001,
1040.5,4.148404E-001,4.117647E-001,3.913879E-001,3.929258E-001,3.886967E-001,4.075356E-001,4.040754E-001,4.102268E-001,4.221453E-001,4.036909E-001,4.063822E-001,3.952326E-001,4.125336E-001,4.121492E-001,3.879277E-001,
1041.9,4.156101E-001,4.096672E-001,3.866878E-001,3.902536E-001,3.862916E-001,4.049128E-001,4.029319E-001,4.084786E-001,4.211569E-001,3.997623E-001,4.037242E-001,3.961965E-001,4.096672E-001,4.096672E-001,3.858954E-001,
1043.3,4.088127E-001,4.063647E-001,3.843329E-001,3.871889E-001,3.843329E-001,4.047328E-001,3.994288E-001,4.047328E-001,4.169727E-001,3.982048E-001,4.014688E-001,3.941248E-001,4.079967E-001,4.059568E-001,3.827009E-001,
1044.7,4.076406E-001,4.034425E-001,3.849706E-001,3.841310E-001,3.816121E-001,3.996641E-001,3.988245E-001,4.030227E-001,4.147775E-001,3.950462E-001,3.988245E-001,3.900084E-001,4.051217E-001,4.051217E-001,3.765743E-001,
1046.1,4.044944E-001,4.010372E-001,3.807260E-001,3.828868E-001,3.798617E-001,3.975799E-001,3.971478E-001,3.984443E-001,4.140017E-001,3.919620E-001,3.962835E-001,3.876404E-001,4.027658E-001,4.023336E-001,3.798617E-001,
1047.5,3.993808E-001,3.980540E-001,3.754976E-001,3.781513E-001,3.763821E-001,3.936311E-001,3.940734E-001,3.945157E-001,4.095533E-001,3.843432E-001,3.927466E-001,3.843432E-001,3.962848E-001,3.967271E-001,3.724016E-001,
1048.9,3.954545E-001,3.931818E-001,3.740909E-001,3.727273E-001,3.718182E-001,3.900000E-001,3.900000E-001,3.900000E-001,4.063636E-001,3.831818E-001,3.913636E-001,3.800000E-001,3.950000E-001,3.940909E-001,3.727273E-001,
1050.3,3.929907E-001,3.911215E-001,3.682243E-001,3.705607E-001,3.696262E-001,3.878505E-001,3.873832E-001,3.883178E-001,4.032710E-001,3.803738E-001,3.873832E-001,3.780374E-001,3.901869E-001,3.915888E-001,3.668224E-001,
1051.7,3.880096E-001,3.865707E-001,3.664269E-001,3.659472E-001,3.654676E-001,3.827338E-001,3.846523E-001,3.846523E-001,3.980815E-001,3.764988E-001,3.817746E-001,3.774580E-001,3.870504E-001,3.880096E-001,3.635492E-001,
1053,3.866208E-001,3.826857E-001,3.644860E-001,3.649779E-001,3.620266E-001,3.812100E-001,3.826857E-001,3.792425E-001,3.939990E-001,3.708805E-001,3.807182E-001,3.733399E-001,3.861289E-001,3.831776E-001,3.610428E-001,
1054.4,3.810484E-001,3.775202E-001,3.573589E-001,3.593750E-001,3.588710E-001,3.765121E-001,3.825605E-001,3.765121E-001,3.911290E-001,3.664315E-001,3.775202E-001,3.704637E-001,3.790323E-001,3.785282E-001,3.573589E-001,
1055.8,3.741637E-001,3.741637E-001,3.535769E-001,3.540916E-001,3.546063E-001,3.721050E-001,3.751930E-001,3.700463E-001,3.860010E-001,3.607823E-001,3.695317E-001,3.643850E-001,3.772517E-001,3.772517E-001,3.515183E-001,
1057.2,3.686975E-001,3.660714E-001,3.492647E-001,3.492647E-001,3.487395E-001,3.681723E-001,3.744748E-001,3.650210E-001,3.834034E-001,3.550420E-001,3.650210E-001,3.602941E-001,3.681723E-001,3.702731E-001,3.476891E-001,
1058.5,3.622258E-001,3.616907E-001,3.408240E-001,3.418941E-001,3.445693E-001,3.616907E-001,3.654361E-001,3.584805E-001,3.766720E-001,3.483146E-001,3.616907E-001,3.552702E-001,3.622258E-001,3.643660E-001,3.381487E-001,
1059.9,3.590164E-001,3.551913E-001,3.360656E-001,3.349727E-001,3.398907E-001,3.562842E-001,3.590164E-001,3.546448E-001,3.672131E-001,3.426230E-001,3.530055E-001,3.519126E-001,3.573770E-001,3.590164E-001,3.322404E-001,
1061.3,3.495575E-001,3.478982E-001,3.296460E-001,3.290929E-001,3.301991E-001,3.517699E-001,3.539823E-001,3.451327E-001,3.622788E-001,3.379425E-001,3.478982E-001,3.467920E-001,3.517699E-001,3.506637E-001,3.268805E-001,
