Transmitance	
Time	25/07/2024 14:25:50	25/07/2024 14:26:11	25/07/2024 14:26:44	25/07/2024 14:27:27	25/07/2024 14:27:55	25/07/2024 14:28:25	25/07/2024 14:28:52	25/07/2024 14:29:17	25/07/2024 14:29:46	25/07/2024 14:30:06	25/07/2024 14:30:46	25/07/2024 14:31:14	25/07/2024 14:31:34	25/07/2024 14:31:53	25/07/2024 14:32:17	
Name																
GPS	55° 51.7070' N  -3° 371.9458' W	55° 51.7071' N  -3° 371.9502' W	55° 51.7105' N  -3° 371.9548' W	55° 51.7089' N  -3° 371.9486' W	55° 51.7101' N  -3° 371.9537' W	55° 51.7094' N  -3° 371.9506' W	55° 51.7083' N  -3° 371.9490' W	55° 51.7122' N  -3° 371.9517' W	55° 51.7095' N  -3° 371.9483' W	55° 51.7094' N  -3° 371.9496' W	55° 51.7121' N  -3° 371.9546' W	55° 51.7121' N  -3° 371.9546' W	55° 51.7121' N  -3° 371.9546' W	55° 51.7143' N  -3° 371.9564' W	55° 51.7143' N  -3° 371.9564' W	
[nm]	
323.8	0.000000E+000	0.000000E+000	0.000000E+000	0.000000E+000	0.000000E+000	0.000000E+000	0.000000E+000	0.000000E+000	0.000000E+000	0.000000E+000	0.000000E+000	0.000000E+000	0.000000E+000	0.000000E+000	0.000000E+000
325.7	-1.000000E+000	1.000000E+000	0.000000E+000	0.000000E+000	0.000000E+000	0.000000E+000	1.000000E+000	0.000000E+000	0.000000E+000	-1.000000E+000	0.000000E+000	-1.000000E+000	0.000000E+000	1.000000E+000	0.000000E+000
327.6	1.000000E+000	0.000000E+000	0.000000E+000	0.000000E+000	0.000000E+000	0.000000E+000	0.000000E+000	0.000000E+000	0.000000E+000	0.000000E+000	0.000000E+000	0.000000E+000	-1.000000E+000	0.000000E+000	0.000000E+000
329.5	0.000000E+000	0.000000E+000	0.000000E+000	0.000000E+000	0.000000E+000	0.000000E+000	0.000000E+000	0.000000E+000	0.000000E+000	0.000000E+000	0.000000E+000	0.000000E+000	0.000000E+000	0.000000E+000	0.000000E+000
331.4	0.000000E+000	0.000000E+000	0.000000E+000	0.000000E+000	0.000000E+000	0.000000E+000	0.000000E+000	0.000000E+000	0.000000E+000	0.000000E+000	0.000000E+000	0.000000E+000	0.000000E+000	0.000000E+000	0.000000E+000
333.3	0.000000E+000	0.000000E+000	5.000000E-001	0.000000E+000	0.000000E+000	0.000000E+000	0.000000E+000	-5.000000E-001	0.000000E+000	0.000000E+000	0.000000E+000	0.000000E+000	0.000000E+000	-5.000000E-001	0.000000E+000
335.2	0.000000E+000	0.000000E+000	0.000000E+000	0.000000E+000	0.000000E+000	0.000000E+000	0.000000E+000	0.000000E+000	0.000000E+000	0.000000E+000	0.000000E+000	0.000000E+000	0.000000E+000	0.000000E+000	0.000000E+000
337.1	-1.000000E+000	0.000000E+000	-1.000000E+000	0.000000E+000	0.000000E+000	0.000000E+000	1.000000E+000	1.000000E+000	1.000000E+000	0.000000E+000	-1.000000E+000	0.000000E+000	-1.000000E+000	0.000000E+000	0.000000E+000
339	0.000000E+000	0.000000E+000	0.000000E+000	0.000000E+000	0.000000E+000	0.000000E+000	0.000000E+000	0.000000E+000	-1.000000E+000	0.000000E+000	1.000000E+000	0.000000E+000	-1.000000E+000	0.000000E+000	1.000000E+000
340.9	1.000000E+000	0.000000E+000	-1.000000E+000	0.000000E+000	0.000000E+000	0.000000E+000	0.000000E+000	0.000000E+000	-1.000000E+000	0.000000E+000	1.000000E+000	-1.000000E+000	0.000000E+000	-1.000000E+000	0.000000E+000
342.8	0.000000E+000	0.000000E+000	0.000000E+000	0.000000E+000	0.000000E+000	0.000000E+000	0.000000E+000	0.000000E+000	1.000000E+000	0.000000E+000	0.000000E+000	-1.000000E+000	0.000000E+000	0.000000E+000	0.000000E+000
344.6	0.000000E+000	0.000000E+000	0.000000E+000	0.000000E+000	0.000000E+000	0.000000E+000	0.000000E+000	-1.000000E+000	0.000000E+000	0.000000E+000	0.000000E+000	0.000000E+000	0.000000E+000	-1.000000E+000	0.000000E+000
346.5	0.000000E+000	0.000000E+000	0.000000E+000	1.000000E+000	0.000000E+000	0.000000E+000	1.000000E+000	0.000000E+000	0.000000E+000	0.000000E+000	0.000000E+000	0.000000E+000	0.000000E+000	0.000000E+000	0.000000E+000
348.4	0.000000E+000	1.000000E+000	1.000000E+000	1.000000E+000	0.000000E+000	0.000000E+000	0.000000E+000	0.000000E+000	1.000000E+000	0.000000E+000	0.000000E+000	0.000000E+000	0.000000E+000	0.000000E+000	-1.000000E+000
350.3	3.333333E-001	0.000000E+000	-3.333333E-001	0.000000E+000	0.000000E+000	3.333333E-001	3.333333E-001	0.000000E+000	-3.333333E-001	0.000000E+000	0.000000E+000	3.333333E-001	0.000000E+000	-3.333333E-001	0.000000E+000
352.2	-5.000000E-001	0.000000E+000	5.000000E-001	5.000000E-001	-5.000000E-001	0.000000E+000	0.000000E+000	0.000000E+000	0.000000E+000	-5.000000E-001	0.000000E+000	0.000000E+000	0.000000E+000	0.000000E+000	0.000000E+000
354.1	0.000000E+000	0.000000E+000	0.000000E+000	0.000000E+000	0.000000E+000	0.000000E+000	5.000000E-001	0.000000E+000	-5.000000E-001	0.000000E+000	0.000000E+000	0.000000E+000	5.000000E-001	0.000000E+000	0.000000E+000
356	5.000000E-001	0.000000E+000	0.000000E+000	5.000000E-001	0.000000E+000	0.000000E+000	5.000000E-001	0.000000E+000	0.000000E+000	0.000000E+000	0.000000E+000	0.000000E+000	5.000000E-001	0.000000E+000	0.000000E+000
357.9	0.000000E+000	5.000000E-001	5.000000E-001	5.000000E-001	0.000000E+000	0.000000E+000	5.000000E-001	0.000000E+000	5.000000E-001	0.000000E+000	0.000000E+000	0.000000E+000	0.000000E+000	5.000000E-001	-5.000000E-001
359.8	-3.333333E-001	0.000000E+000	0.000000E+000	0.000000E+000	0.000000E+000	0.000000E+000	0.000000E+000	0.000000E+000	-3.333333E-001	0.000000E+000	0.000000E+000	0.000000E+000	3.333333E-001	3.333333E-001	0.000000E+000
361.7	0.000000E+000	0.000000E+000	0.000000E+000	3.333333E-001	0.000000E+000	0.000000E+000	0.000000E+000	0.000000E+000	0.000000E+000	0.000000E+000	0.000000E+000	0.000000E+000	0.000000E+000	3.333333E-001	0.000000E+000
363.6	0.000000E+000	0.000000E+000	0.000000E+000	2.500000E-001	0.000000E+000	0.000000E+000	-2.500000E-001	0.000000E+000	2.500000E-001	0.000000E+000	0.000000E+000	0.000000E+000	0.000000E+000	2.500000E-001	2.500000E-001
365.5	-2.500000E-001	0.000000E+000	0.000000E+000	0.000000E+000	0.000000E+000	-2.500000E-001	0.000000E+000	0.000000E+000	-2.500000E-001	0.000000E+000	0.000000E+000	0.000000E+000	0.000000E+000	2.500000E-001	0.000000E+000
367.4	0.000000E+000	2.500000E-001	0.000000E+000	2.500000E-001	0.000000E+000	2.500000E-001	0.000000E+000	2.500000E-001	2.500000E-001	0.000000E+000	2.500000E-001	0.000000E+000	0.000000E+000	0.000000E+000	0.000000E+000
369.3	0.000000E+000	0.000000E+000	-2.500000E-001	2.500000E-001	0.000000E+000	0.000000E+000	2.500000E-001	0.000000E+000	0.000000E+000	0.000000E+000	-2.500000E-001	0.000000E+000	2.500000E-001	2.500000E-001	0.000000E+000
371.1	0.000000E+000	0.000000E+000	0.000000E+000	0.000000E+000	0.000000E+000	0.000000E+000	0.000000E+000	0.000000E+000	2.000000E-001	0.000000E+000	-2.000000E-001	-2.000000E-001	0.000000E+000	2.000000E-001	0.000000E+000
373	2.000000E-001	0.000000E+000	0.000000E+000	0.000000E+000	0.000000E+000	0.000000E+000	0.000000E+000	0.000000E+000	-2.000000E-001	2.000000E-001	0.000000E+000	0.000000E+000	0.000000E+000	2.000000E-001	0.000000E+000
374.9	0.000000E+000	2.000000E-001	0.000000E+000	0.000000E+000	0.000000E+000	2.000000E-001	0.000000E+000	2.000000E-001	0.000000E+000	0.000000E+000	0.000000E+000	0.000000E+000	0.000000E+000	2.000000E-001	2.000000E-001
376.8	0.000000E+000	0.000000E+000	0.000000E+000	0.000000E+000	0.000000E+000	0.000000E+000	0.000000E+000	0.000000E+000	0.000000E+000	0.000000E+000	-1.666667E-001	1.666667E-001	1.666667E-001	0.000000E+000	1.666667E-001
378.7	0.000000E+000	1.428571E-001	0.000000E+000	1.428571E-001	0.000000E+000	0.000000E+000	0.000000E+000	1.428571E-001	0.000000E+000	0.000000E+000	0.000000E+000	0.000000E+000	-1.428571E-001	0.000000E+000	0.000000E+000
380.6	0.000000E+000	0.000000E+000	-1.428571E-001	0.000000E+000	0.000000E+000	0.000000E+000	0.000000E+000	0.000000E+000	-1.428571E-001	0.000000E+000	-1.428571E-001	0.000000E+000	0.000000E+000	1.428571E-001	0.000000E+000
382.5	0.000000E+000	0.000000E+000	1.111111E-001	0.000000E+000	0.000000E+000	0.000000E+000	0.000000E+000	1.111111E-001	1.111111E-001	0.000000E+000	0.000000E+000	-1.111111E-001	0.000000E+000	1.111111E-001	0.000000E+000
384.4	0.000000E+000	0.000000E+000	0.000000E+000	9.090909E-002	0.000000E+000	0.000000E+000	9.090909E-002	9.090909E-002	0.000000E+000	0.000000E+000	0.000000E+000	0.000000E+000	9.090909E-002	0.000000E+000	0.000000E+000
386.3	0.000000E+000	0.000000E+000	0.000000E+000	0.000000E+000	0.000000E+000	0.000000E+000	0.000000E+000	7.142857E-002	-7.142857E-002	0.000000E+000	7.142857E-002	0.000000E+000	7.142857E-002	0.000000E+000	0.000000E+000
388.2	6.250000E-002	6.250000E-002	0.000000E+000	0.000000E+000	0.000000E+000	0.000000E+000	6.250000E-002	0.000000E+000	-6.250000E-002	0.000000E+000	0.000000E+000	6.250000E-002	6.250000E-002	0.000000E+000	6.250000E-002
390.1	5.555556E-002	0.000000E+000	0.000000E+000	5.555556E-002	0.000000E+000	0.000000E+000	0.000000E+000	5.555556E-002	5.555556E-002	0.000000E+000	5.555556E-002	0.000000E+000	5.555556E-002	5.555556E-002	5.555556E-002
392	0.000000E+000	0.000000E+000	4.545455E-002	0.000000E+000	0.000000E+000	0.000000E+000	4.545455E-002	0.000000E+000	0.000000E+000	0.000000E+000	4.545455E-002	0.000000E+000	0.000000E+000	0.000000E+000	0.000000E+000
393.9	0.000000E+000	3.125000E-002	3.125000E-002	3.125000E-002	0.000000E+000	3.125000E-002	3.125000E-002	3.125000E-002	3.125000E-002	0.000000E+000	0.000000E+000	3.125000E-002	0.000000E+000	0.000000E+000	0.000000E+000
395.7	2.083333E-002	0.000000E+000	2.083333E-002	2.083333E-002	2.083333E-002	2.083333E-002	2.083333E-002	0.000000E+000	0.000000E+000	0.000000E+000	0.000000E+000	0.000000E+000	0.000000E+000	0.000000E+000	0.000000E+000
397.6	0.000000E+000	0.000000E+000	0.000000E+000	1.587302E-002	0.000000E+000	0.000000E+000	1.587302E-002	1.587302E-002	0.000000E+000	0.000000E+000	1.587302E-002	0.000000E+000	1.587302E-002	0.000000E+000	0.000000E+000
399.5	0.000000E+000	0.000000E+000	0.000000E+000	0.000000E+000	0.000000E+000	0.000000E+000	1.190476E-002	0.000000E+000	1.190476E-002	0.000000E+000	0.000000E+000	0.000000E+000	1.190476E-002	-1.190476E-002	1.190476E-002
401.4	9.090909E-003	0.000000E+000	0.000000E+000	9.090909E-003	9.090909E-003	0.000000E+000	9.090909E-003	0.000000E+000	0.000000E+000	0.000000E+000	9.090909E-003	0.000000E+000	0.000000E+000	0.000000E+000	0.000000E+000
403.3	0.000000E+000	0.000000E+000	0.000000E+000	7.299270E-003	0.000000E+000	0.000000E+000	7.299270E-003	0.000000E+000	0.000000E+000	0.000000E+000	0.000000E+000	0.000000E+000	0.000000E+000	0.000000E+000	7.299270E-003
405.2	5.494505E-003	0.000000E+000	0.000000E+000	1.098901E-002	0.000000E+000	0.000000E+000	5.494505E-003	0.000000E+000	0.000000E+000	0.000000E+000	1.098901E-002	0.000000E+000	5.494505E-003	0.000000E+000	5.494505E-003
407.1	4.347826E-003	4.347826E-003	0.000000E+000	4.347826E-003	4.347826E-003	4.347826E-003	4.347826E-003	8.695652E-003	-4.347826E-003	0.000000E+000	0.000000E+000	4.347826E-003	0.000000E+000	0.000000E+000	4.347826E-003
409	3.344482E-003	0.000000E+000	3.344482E-003	0.000000E+000	0.000000E+000	0.000000E+000	3.344482E-003	3.344482E-003	0.000000E+000	3.344482E-003	0.000000E+000	0.000000E+000	3.344482E-003	0.000000E+000	3.344482E-003
410.9	0.000000E+000	0.000000E+000	2.551020E-003	2.551020E-003	2.551020E-003	2.551020E-003	2.551020E-003	2.551020E-003	2.551020E-003	2.551020E-003	0.000000E+000	0.000000E+000	2.551020E-003	0.000000E+000	2.551020E-003
412.8	0.000000E+000	0.000000E+000	1.824818E-003	0.000000E+000	0.000000E+000	0.000000E+000	1.824818E-003	1.824818E-003	0.000000E+000	0.000000E+000	1.824818E-003	0.000000E+000	1.824818E-003	0.000000E+000	1.824818E-003
414.7	0.000000E+000	1.173709E-003	1.173709E-003	1.173709E-003	1.173709E-003	1.173709E-003	1.173709E-003	0.000000E+000	1.173709E-003	0.000000E+000	1.173709E-003	0.000000E+000	0.000000E+000	1.173709E-003	1.173709E-003
416.5	0.000000E+000	7.407407E-004	7.407407E-004	1.481481E-003	7.407407E-004	7.407407E-004	7.407407E-004	7.407407E-004	0.000000E+000	7.407407E-004	0.000000E+000	0.000000E+000	0.000000E+000	7.407407E-004	0.000000E+000
418.4	0.000000E+000	0.000000E+000	1.100715E-003	5.503577E-004	5.503577E-004	5.503577E-004	5.503577E-004	0.000000E+000	0.000000E+000	5.503577E-004	0.000000E+000	0.000000E+000	5.503577E-004	0.000000E+000	5.503577E-004
420.3	0.000000E+000	0.000000E+000	8.576329E-004	8.576329E-004	4.288165E-004	0.000000E+000	0.000000E+000	0.000000E+000	4.288165E-004	4.288165E-004	4.288165E-004	4.288165E-004	4.288165E-004	0.000000E+000	0.000000E+000
422.2	3.427005E-004	0.000000E+000	3.427005E-004	6.854010E-004	3.427005E-004	0.000000E+000	3.427005E-004	0.000000E+000	0.000000E+000	0.000000E+000	3.427005E-004	3.427005E-004	3.427005E-004	0.000000E+000	0.000000E+000
424.1	0.000000E+000	0.000000E+000	2.962963E-004	2.962963E-004	5.925926E-004	2.962963E-004	2.962963E-004	0.000000E+000	0.000000E+000	0.000000E+000	2.962963E-004	0.000000E+000	0.000000E+000	2.962963E-004	0.000000E+000
426	0.000000E+000	0.000000E+000	2.606203E-004	2.606203E-004	2.606203E-004	2.606203E-004	2.606203E-004	2.606203E-004	0.000000E+000	0.000000E+000	0.000000E+000	0.000000E+000	2.606203E-004	2.606203E-004	0.000000E+000
427.9	2.369107E-004	0.000000E+000	2.369107E-004	4.738214E-004	2.369107E-004	2.369107E-004	2.369107E-004	0.000000E+000	0.000000E+000	2.369107E-004	4.738214E-004	2.369107E-004	0.000000E+000	0.000000E+000	0.000000E+000
429.8	2.175805E-004	0.000000E+000	2.175805E-004	4.351610E-004	2.175805E-004	2.175805E-004	2.175805E-004	4.351610E-004	0.000000E+000	2.175805E-004	4.351610E-004	2.175805E-004	0.000000E+000	0.000000E+000	0.000000E+000
431.6	2.058884E-004	0.000000E+000	4.117768E-004	4.117768E-004	2.058884E-004	2.058884E-004	2.058884E-004	2.058884E-004	0.000000E+000	2.058884E-004	2.058884E-004	2.058884E-004	4.117768E-004	0.000000E+000	0.000000E+000
433.5	3.923107E-004	1.961554E-004	3.923107E-004	3.923107E-004	3.923107E-004	1.961554E-004	1.961554E-004	3.923107E-004	1.961554E-004	0.000000E+000	1.961554E-004	1.961554E-004	0.000000E+000	1.961554E-004	3.923107E-004
435.4	1.862891E-004	3.725782E-004	3.725782E-004	1.862891E-004	3.725782E-004	1.862891E-004	3.725782E-004	1.862891E-004	3.725782E-004	0.000000E+000	3.725782E-004	1.862891E-004	1.862891E-004	0.000000E+000	3.725782E-004
437.3	1.775568E-004	1.775568E-004	3.551136E-004	3.551136E-004	3.551136E-004	1.775568E-004	3.551136E-004	1.775568E-004	0.000000E+000	1.775568E-004	3.551136E-004	1.775568E-004	1.775568E-004	3.551136E-004	1.775568E-004
439.2	1.698658E-004	1.698658E-004	1.698658E-004	3.397316E-004	1.698658E-004	1.698658E-004	3.397316E-004	3.397316E-004	1.698658E-004	0.000000E+000	3.397316E-004	1.698658E-004	0.000000E+000	3.397316E-004	1.698658E-004
441.1	3.263708E-004	3.263708E-004	1.631854E-004	1.631854E-004	1.631854E-004	1.631854E-004	3.263708E-004	3.263708E-004	3.263708E-004	1.631854E-004	3.263708E-004	1.631854E-004	1.631854E-004	1.631854E-004	0.000000E+000
443	1.572327E-004	1.572327E-004	3.144654E-004	1.572327E-004	1.572327E-004	1.572327E-004	3.144654E-004	3.144654E-004	0.000000E+000	1.572327E-004	3.144654E-004	1.572327E-004	0.000000E+000	1.572327E-004	1.572327E-004
444.9	1.526252E-004	1.526252E-004	3.052503E-004	1.526252E-004	1.526252E-004	1.526252E-004	3.052503E-004	1.526252E-004	1.526252E-004	3.052503E-004	1.526252E-004	1.526252E-004	3.052503E-004	1.526252E-004	3.052503E-004
446.7	1.467782E-004	1.467782E-004	1.467782E-004	2.935564E-004	2.935564E-004	2.935564E-004	2.935564E-004	4.403347E-004	2.935564E-004	1.467782E-004	1.467782E-004	2.935564E-004	0.000000E+000	1.467782E-004	1.467782E-004
448.6	1.416631E-004	1.416631E-004	1.416631E-004	2.833263E-004	1.416631E-004	1.416631E-004	2.833263E-004	2.833263E-004	1.416631E-004	1.416631E-004	2.833263E-004	2.833263E-004	1.416631E-004	0.000000E+000	1.416631E-004
450.5	2.734856E-004	1.367428E-004	2.734856E-004	4.102284E-004	2.734856E-004	2.734856E-004	2.734856E-004	2.734856E-004	1.367428E-004	1.367428E-004	1.367428E-004	2.734856E-004	1.367428E-004	1.367428E-004	1.367428E-004
452.4	1.324854E-004	1.324854E-004	3.974563E-004	3.974563E-004	2.649709E-004	1.324854E-004	2.649709E-004	1.324854E-004	1.324854E-004	1.324854E-004	1.324854E-004	2.649709E-004	1.324854E-004	1.324854E-004	1.324854E-004
454.3	1.277792E-004	1.277792E-004	2.555584E-004	2.555584E-004	2.555584E-004	2.555584E-004	2.555584E-004	3.833376E-004	2.555584E-004	2.555584E-004	1.277792E-004	1.277792E-004	2.555584E-004	1.277792E-004	1.277792E-004
456.2	2.471882E-004	1.235941E-004	2.471882E-004	2.471882E-004	2.471882E-004	2.471882E-004	2.471882E-004	3.707824E-004	2.471882E-004	2.471882E-004	2.471882E-004	1.235941E-004	1.235941E-004	1.235941E-004	1.235941E-004
458	2.382654E-004	2.382654E-004	1.191327E-004	4.765309E-004	3.573981E-004	2.382654E-004	2.382654E-004	3.573981E-004	2.382654E-004	1.191327E-004	2.382654E-004	1.191327E-004	1.191327E-004	1.191327E-004	1.191327E-004
459.9	1.147974E-004	1.147974E-004	2.295948E-004	2.295948E-004	2.295948E-004	2.295948E-004	3.443921E-004	3.443921E-004	2.295948E-004	2.295948E-004	1.147974E-004	1.147974E-004	1.147974E-004	2.295948E-004	1.147974E-004
461.8	1.111358E-004	1.111358E-004	3.334074E-004	4.445432E-004	2.222716E-004	1.111358E-004	3.334074E-004	3.334074E-004	2.222716E-004	1.111358E-004	2.222716E-004	2.222716E-004	2.222716E-004	0.000000E+000	2.222716E-004
463.7	1.074460E-004	1.074460E-004	2.148920E-004	3.223380E-004	3.223380E-004	2.148920E-004	2.148920E-004	2.148920E-004	2.148920E-004	2.148920E-004	1.074460E-004	2.148920E-004	1.074460E-004	1.074460E-004	1.074460E-004
465.6	1.042209E-004	2.084419E-004	3.126628E-004	3.126628E-004	3.126628E-004	2.084419E-004	3.126628E-004	3.126628E-004	3.126628E-004	2.084419E-004	3.126628E-004	2.084419E-004	1.042209E-004	1.042209E-004	1.042209E-004
467.4	2.020814E-004	1.010407E-004	4.041629E-004	4.041629E-004	3.031222E-004	1.010407E-004	3.031222E-004	3.031222E-004	2.020814E-004	2.020814E-004	3.031222E-004	2.020814E-004	1.010407E-004	2.020814E-004	1.010407E-004
469.3	1.962709E-004	1.962709E-004	2.944063E-004	3.925417E-004	2.944063E-004	1.962709E-004	2.944063E-004	1.962709E-004	2.944063E-004	1.962709E-004	1.962709E-004	1.962709E-004	9.813543E-005	1.962709E-004	9.813543E-005
471.2	1.909855E-004	1.909855E-004	2.864782E-004	2.864782E-004	3.819710E-004	1.909855E-004	2.864782E-004	2.864782E-004	2.864782E-004	1.909855E-004	1.909855E-004	1.909855E-004	2.864782E-004	1.909855E-004	9.549274E-005
473.1	1.864976E-004	1.864976E-004	3.729952E-004	3.729952E-004	1.864976E-004	1.864976E-004	2.797464E-004	1.864976E-004	1.864976E-004	1.864976E-004	9.324879E-005	1.864976E-004	1.864976E-004	1.864976E-004	1.864976E-004
475	2.737476E-004	9.124920E-005	3.649968E-004	3.649968E-004	2.737476E-004	1.824984E-004	2.737476E-004	3.649968E-004	1.824984E-004	1.824984E-004	1.824984E-004	1.824984E-004	1.824984E-004	1.824984E-004	1.824984E-004
476.8	1.789869E-004	1.789869E-004	2.684804E-004	2.684804E-004	2.684804E-004	2.684804E-004	2.684804E-004	2.684804E-004	1.789869E-004	1.789869E-004	2.684804E-004	1.789869E-004	1.789869E-004	1.789869E-004	8.949347E-005
478.7	1.746420E-004	1.746420E-004	3.492840E-004	3.492840E-004	3.492840E-004	1.746420E-004	2.619630E-004	3.492840E-004	1.746420E-004	1.746420E-004	2.619630E-004	1.746420E-004	1.746420E-004	8.732099E-005	8.732099E-005
480.6	2.566955E-004	1.711303E-004	2.566955E-004	4.278258E-004	2.566955E-004	2.566955E-004	2.566955E-004	3.422606E-004	8.556516E-005	1.711303E-004	2.566955E-004	2.566955E-004	1.711303E-004	8.556516E-005	1.711303E-004
482.5	2.515091E-004	2.515091E-004	2.515091E-004	2.515091E-004	2.515091E-004	1.676727E-004	2.515091E-004	3.353454E-004	1.676727E-004	1.676727E-004	1.676727E-004	1.676727E-004	1.676727E-004	2.515091E-004	2.515091E-004
484.3	1.640824E-004	1.640824E-004	2.461236E-004	3.281647E-004	2.461236E-004	2.461236E-004	2.461236E-004	3.281647E-004	2.461236E-004	1.640824E-004	1.640824E-004	1.640824E-004	1.640824E-004	8.204118E-005	1.640824E-004
486.2	2.410607E-004	1.607071E-004	2.410607E-004	3.214142E-004	2.410607E-004	2.410607E-004	2.410607E-004	3.214142E-004	2.410607E-004	2.410607E-004	1.607071E-004	1.607071E-004	2.410607E-004	1.607071E-004	1.607071E-004
488.1	1.577163E-004	1.577163E-004	3.154325E-004	3.942907E-004	2.365744E-004	7.885813E-005	2.365744E-004	2.365744E-004	2.365744E-004	2.365744E-004	1.577163E-004	1.577163E-004	1.577163E-004	1.577163E-004	1.577163E-004
490	2.319827E-004	1.546551E-004	3.093102E-004	3.093102E-004	2.319827E-004	2.319827E-004	2.319827E-004	3.093102E-004	2.319827E-004	3.093102E-004	1.546551E-004	2.319827E-004	1.546551E-004	7.732756E-005	1.546551E-004
491.8	2.276867E-004	1.517911E-004	3.035823E-004	3.035823E-004	2.276867E-004	2.276867E-004	3.035823E-004	3.035823E-004	1.517911E-004	1.517911E-004	2.276867E-004	2.276867E-004	1.517911E-004	7.589557E-005	1.517911E-004
493.7	2.243829E-004	1.495886E-004	2.243829E-004	2.991773E-004	2.991773E-004	2.243829E-004	2.243829E-004	2.243829E-004	1.495886E-004	2.243829E-004	2.243829E-004	2.243829E-004	1.495886E-004	1.495886E-004	1.495886E-004
495.6	1.468860E-004	2.937720E-004	2.937720E-004	3.672150E-004	2.937720E-004	2.203290E-004	2.937720E-004	2.203290E-004	1.468860E-004	2.203290E-004	1.468860E-004	2.203290E-004	1.468860E-004	1.468860E-004	1.468860E-004
497.5	2.173126E-004	2.173126E-004	2.897501E-004	3.621876E-004	2.897501E-004	2.173126E-004	2.897501E-004	3.621876E-004	1.448750E-004	2.173126E-004	2.173126E-004	2.173126E-004	1.448750E-004	1.448750E-004	2.173126E-004
499.3	2.838490E-004	2.128867E-004	3.548112E-004	3.548112E-004	2.838490E-004	2.128867E-004	2.838490E-004	2.838490E-004	2.838490E-004	2.128867E-004	2.128867E-004	2.128867E-004	1.419245E-004	1.419245E-004	2.128867E-004
501.2	2.800728E-004	2.800728E-004	3.500910E-004	3.500910E-004	3.500910E-004	2.100546E-004	2.800728E-004	2.800728E-004	2.100546E-004	2.100546E-004	1.400364E-004	2.100546E-004	1.400364E-004	7.001820E-005	1.400364E-004
503.1	2.066685E-004	2.755580E-004	3.444475E-004	4.133370E-004	3.444475E-004	2.066685E-004	2.755580E-004	2.755580E-004	2.066685E-004	2.066685E-004	2.755580E-004	2.066685E-004	1.377790E-004	1.377790E-004	1.377790E-004
504.9	2.035278E-004	2.035278E-004	3.392130E-004	4.070556E-004	4.070556E-004	2.713704E-004	2.713704E-004	2.713704E-004	2.713704E-004	2.035278E-004	2.035278E-004	2.035278E-004	2.035278E-004	1.356852E-004	1.356852E-004
506.8	2.663471E-004	1.997603E-004	3.995206E-004	3.329338E-004	3.329338E-004	1.997603E-004	2.663471E-004	3.995206E-004	1.997603E-004	2.663471E-004	1.997603E-004	3.329338E-004	2.663471E-004	1.331735E-004	1.331735E-004
508.7	1.959376E-004	1.959376E-004	3.918751E-004	3.918751E-004	3.918751E-004	1.959376E-004	3.265626E-004	3.918751E-004	1.959376E-004	1.959376E-004	2.612501E-004	1.959376E-004	2.612501E-004	1.959376E-004	1.959376E-004
510.5	2.560492E-004	1.920369E-004	3.840737E-004	4.480860E-004	3.200615E-004	2.560492E-004	2.560492E-004	3.200615E-004	1.920369E-004	3.200615E-004	2.560492E-004	2.560492E-004	1.920369E-004	1.920369E-004	1.920369E-004
512.4	2.509568E-004	2.509568E-004	4.391744E-004	3.764352E-004	4.391744E-004	3.136960E-004	3.136960E-004	3.764352E-004	3.136960E-004	2.509568E-004	2.509568E-004	2.509568E-004	2.509568E-004	1.254784E-004	1.254784E-004
514.3	2.457002E-004	2.457002E-004	4.299754E-004	4.299754E-004	3.685504E-004	3.071253E-004	3.685504E-004	3.071253E-004	2.457002E-004	2.457002E-004	2.457002E-004	3.071253E-004	1.842752E-004	1.842752E-004	2.457002E-004
516.1	3.020783E-004	2.416626E-004	4.833253E-004	4.833253E-004	4.833253E-004	3.624940E-004	4.229096E-004	4.229096E-004	3.020783E-004	2.416626E-004	3.624940E-004	3.624940E-004	3.020783E-004	2.416626E-004	1.812470E-004
518	2.385212E-004	2.981515E-004	4.770423E-004	4.770423E-004	5.366726E-004	2.981515E-004	4.174120E-004	4.174120E-004	2.981515E-004	2.981515E-004	2.981515E-004	4.174120E-004	2.385212E-004	1.788909E-004	1.788909E-004
519.9	2.937375E-004	2.937375E-004	5.874750E-004	5.874750E-004	6.462225E-004	4.112325E-004	4.699800E-004	4.112325E-004	3.524850E-004	2.937375E-004	2.937375E-004	4.699800E-004	2.937375E-004	2.349900E-004	2.349900E-004
521.7	2.912056E-004	3.494467E-004	5.824112E-004	6.406523E-004	6.988934E-004	5.241701E-004	5.241701E-004	4.659289E-004	5.241701E-004	2.912056E-004	4.076878E-004	5.824112E-004	3.494467E-004	2.912056E-004	2.329645E-004
523.6	3.451847E-004	4.602462E-004	7.479001E-004	6.903693E-004	7.479001E-004	5.753078E-004	6.328386E-004	5.177770E-004	5.753078E-004	3.451847E-004	4.027155E-004	6.328386E-004	2.876539E-004	2.301231E-004	2.301231E-004
525.5	4.001601E-004	4.573258E-004	8.003201E-004	6.859887E-004	8.003201E-004	6.859887E-004	6.859887E-004	5.144915E-004	5.716572E-004	3.429943E-004	5.144915E-004	6.859887E-004	3.429943E-004	2.858286E-004	2.286629E-004
527.3	3.971406E-004	5.673437E-004	8.510155E-004	7.942812E-004	9.077499E-004	7.375468E-004	7.942812E-004	6.240781E-004	6.808124E-004	3.971406E-004	5.673437E-004	7.942812E-004	4.538750E-004	3.404062E-004	3.404062E-004
529.2	5.066712E-004	6.755616E-004	7.881552E-004	8.444520E-004	9.570455E-004	7.881552E-004	8.444520E-004	6.192648E-004	7.318584E-004	4.503744E-004	6.192648E-004	8.444520E-004	5.066712E-004	2.814840E-004	3.377808E-004
531.1	4.474023E-004	6.711034E-004	8.948045E-004	8.388793E-004	1.062580E-003	8.948045E-004	9.507298E-004	6.711034E-004	8.388793E-004	5.033276E-004	7.270287E-004	8.948045E-004	5.033276E-004	3.914770E-004	3.355517E-004
532.9	4.455087E-004	7.239517E-004	9.467060E-004	8.910174E-004	1.169460E-003	9.467060E-004	9.467060E-004	6.682631E-004	8.910174E-004	5.011973E-004	7.239517E-004	9.467060E-004	6.125745E-004	3.898201E-004	3.341315E-004
534.8	4.983113E-004	7.197830E-004	9.412546E-004	8.858867E-004	1.162726E-003	9.966226E-004	1.051990E-003	6.644150E-004	9.412546E-004	5.536792E-004	7.751509E-004	1.051990E-003	5.536792E-004	4.429434E-004	3.322075E-004
536.6	4.972376E-004	8.287293E-004	9.944751E-004	8.839779E-004	1.270718E-003	9.944751E-004	1.049724E-003	7.734807E-004	8.839779E-004	4.972376E-004	7.734807E-004	1.104972E-003	6.629834E-004	4.972376E-004	3.314917E-004
538.5	6.050605E-004	7.700770E-004	9.900990E-004	9.350935E-004	1.320132E-003	1.100110E-003	1.100110E-003	7.700770E-004	9.350935E-004	5.500550E-004	7.700770E-004	1.210121E-003	6.600660E-004	5.500550E-004	3.850385E-004
540.4	6.017505E-004	8.205689E-004	9.846827E-004	9.299781E-004	1.477024E-003	1.148796E-003	1.094092E-003	7.111597E-004	9.299781E-004	6.017505E-004	8.752735E-004	1.148796E-003	6.017505E-004	4.376368E-004	3.829322E-004
542.2	5.432126E-004	8.691401E-004	9.777826E-004	9.234614E-004	1.466674E-003	1.140746E-003	1.140746E-003	7.604976E-004	9.777826E-004	5.975338E-004	7.604976E-004	1.195068E-003	7.061763E-004	5.432126E-004	4.345700E-004
544.1	5.942734E-004	8.103728E-004	1.026472E-003	9.184225E-004	1.512696E-003	1.188547E-003	1.242572E-003	7.563479E-004	1.080497E-003	5.942734E-004	8.103728E-004	1.242572E-003	5.942734E-004	5.402485E-004	4.862237E-004
545.9	6.429145E-004	8.036432E-004	1.071524E-003	9.107956E-004	1.607286E-003	1.232253E-003	1.232253E-003	7.500670E-004	1.071524E-003	5.893383E-004	8.572194E-004	1.285829E-003	5.893383E-004	5.357621E-004	4.286097E-004
547.8	6.378907E-004	8.505209E-004	1.116309E-003	1.009994E-003	1.541569E-003	1.222624E-003	1.275781E-003	7.973634E-004	1.116309E-003	5.847331E-004	7.973634E-004	1.275781E-003	5.847331E-004	5.315756E-004	4.252605E-004
549.6	5.726184E-004	8.328995E-004	1.093181E-003	9.890682E-004	1.665799E-003	1.301406E-003	1.249349E-003	7.808433E-004	1.041124E-003	5.726184E-004	8.849558E-004	1.301406E-003	6.246746E-004	5.726184E-004	4.685060E-004
551.5	5.970743E-004	8.458553E-004	1.044880E-003	9.453677E-004	1.542442E-003	1.293661E-003	1.194149E-003	6.965867E-004	1.044880E-003	5.473181E-004	8.458553E-004	1.243905E-003	5.473181E-004	5.473181E-004	3.980496E-004
553.3	4.457122E-004	7.131396E-004	9.805669E-004	8.468533E-004	1.470850E-003	1.114281E-003	1.114281E-003	6.685684E-004	9.805669E-004	4.902835E-004	7.577108E-004	1.203423E-003	5.794259E-004	4.457122E-004	4.011410E-004
555.2	6.121824E-004	8.162432E-004	1.122334E-003	9.692888E-004	1.632486E-003	1.275380E-003	1.224365E-003	7.652280E-004	1.071319E-003	6.121824E-004	8.672584E-004	1.377410E-003	6.631976E-004	5.611672E-004	5.101520E-004
557.1	5.784359E-004	9.254975E-004	1.214715E-003	1.041185E-003	1.850995E-003	1.446090E-003	1.330403E-003	8.098103E-004	1.272559E-003	6.941231E-004	9.833410E-004	1.503933E-003	6.941231E-004	5.784359E-004	5.205923E-004
558.9	6.038951E-004	7.548689E-004	9.561673E-004	9.058427E-004	1.459413E-003	1.107141E-003	1.107141E-003	7.045443E-004	9.561673E-004	5.535705E-004	8.555181E-004	1.258115E-003	6.038951E-004	5.535705E-004	4.025967E-004
560.8	5.157539E-004	7.501875E-004	8.908477E-004	8.439610E-004	1.265941E-003	9.846212E-004	9.846212E-004	7.033008E-004	8.908477E-004	5.157539E-004	7.501875E-004	1.125281E-003	5.626407E-004	4.688672E-004	3.750938E-004
562.6	4.000160E-004	6.000240E-004	7.200288E-004	6.800272E-004	1.000040E-003	8.000320E-004	8.000320E-004	5.600224E-004	6.800272E-004	4.000160E-004	6.000240E-004	8.400336E-004	4.400176E-004	3.600144E-004	3.200128E-004
564.5	4.758732E-004	7.138098E-004	8.565718E-004	7.613972E-004	1.094508E-003	9.041591E-004	8.565718E-004	6.662225E-004	8.089845E-004	4.758732E-004	7.138098E-004	9.041591E-004	5.710479E-004	3.806986E-004	4.282859E-004
566.3	4.885437E-004	6.351067E-004	8.305242E-004	7.328155E-004	1.025942E-003	8.305242E-004	8.305242E-004	5.862524E-004	7.816698E-004	4.885437E-004	7.328155E-004	8.305242E-004	5.373980E-004	3.419806E-004	2.931262E-004
568.2	4.808977E-004	6.946300E-004	8.014961E-004	8.014961E-004	9.617954E-004	8.549292E-004	8.549292E-004	6.946300E-004	8.549292E-004	4.808977E-004	7.480631E-004	8.549292E-004	4.808977E-004	3.740315E-004	3.205985E-004
570	3.440564E-004	5.160846E-004	6.451058E-004	6.020987E-004	7.311199E-004	6.881129E-004	6.881129E-004	5.590917E-004	6.020987E-004	3.870635E-004	6.020987E-004	6.451058E-004	3.870635E-004	2.580423E-004	2.580423E-004
571.9	3.325258E-004	4.750368E-004	7.125552E-004	7.125552E-004	7.600589E-004	6.650515E-004	7.600589E-004	5.225405E-004	6.175479E-004	3.800295E-004	5.700442E-004	6.650515E-004	3.800295E-004	2.375184E-004	2.375184E-004
573.7	2.461322E-004	3.516174E-004	5.274262E-004	5.274262E-004	5.625879E-004	4.922644E-004	4.922644E-004	4.219409E-004	4.571027E-004	2.461322E-004	4.219409E-004	5.274262E-004	2.812940E-004	2.461322E-004	1.758087E-004
575.5	3.800630E-004	4.886524E-004	7.058313E-004	7.058313E-004	8.144207E-004	6.515365E-004	7.601260E-004	6.515365E-004	7.058313E-004	3.800630E-004	6.515365E-004	7.058313E-004	3.800630E-004	3.257683E-004	2.714736E-004
577.4	2.773412E-004	3.697883E-004	6.009060E-004	6.471295E-004	6.471295E-004	5.546824E-004	6.009060E-004	4.622354E-004	5.546824E-004	3.235648E-004	5.546824E-004	6.009060E-004	3.235648E-004	2.311177E-004	2.311177E-004
579.2	2.747504E-004	3.205422E-004	5.495009E-004	5.495009E-004	6.868761E-004	5.037091E-004	5.495009E-004	4.579174E-004	5.037091E-004	2.747504E-004	4.579174E-004	5.037091E-004	3.205422E-004	2.747504E-004	1.831670E-004
581.1	3.040174E-004	3.040174E-004	5.646037E-004	5.646037E-004	6.514658E-004	4.777416E-004	5.211726E-004	4.343105E-004	4.343105E-004	2.605863E-004	4.343105E-004	5.646037E-004	2.605863E-004	2.171553E-004	1.737242E-004
582.9	2.026835E-004	2.837569E-004	4.459038E-004	4.864405E-004	5.675139E-004	4.459038E-004	4.864405E-004	4.053671E-004	4.459038E-004	2.432202E-004	4.053671E-004	4.864405E-004	2.837569E-004	1.621468E-004	2.026835E-004
584.8	2.214349E-004	3.100089E-004	4.871568E-004	4.871568E-004	6.200177E-004	4.428698E-004	4.871568E-004	4.428698E-004	4.428698E-004	2.657219E-004	4.428698E-004	5.314438E-004	3.100089E-004	2.214349E-004	1.771479E-004
586.6	2.075478E-004	2.421391E-004	4.150956E-004	4.150956E-004	4.496869E-004	3.459130E-004	3.805043E-004	3.459130E-004	3.459130E-004	2.075478E-004	3.113217E-004	3.805043E-004	2.075478E-004	1.729565E-004	1.383652E-004
588.4	2.472697E-004	2.884814E-004	4.533278E-004	4.945395E-004	4.945395E-004	4.121162E-004	4.121162E-004	4.121162E-004	4.121162E-004	2.472697E-004	3.296930E-004	4.121162E-004	2.060581E-004	1.648465E-004	1.648465E-004
590.3	2.642241E-004	3.082614E-004	4.403734E-004	5.284481E-004	5.284481E-004	3.963361E-004	4.403734E-004	3.963361E-004	3.963361E-004	2.642241E-004	3.963361E-004	3.963361E-004	2.201867E-004	1.761494E-004	2.201867E-004
592.1	2.818887E-004	2.818887E-004	5.167959E-004	5.167959E-004	5.637773E-004	4.228330E-004	4.698144E-004	4.228330E-004	4.228330E-004	2.818887E-004	3.288701E-004	4.698144E-004	2.349072E-004	2.349072E-004	1.879258E-004
594	2.691355E-004	3.767898E-004	5.920982E-004	5.920982E-004	6.459253E-004	4.306169E-004	5.382711E-004	4.306169E-004	4.844440E-004	3.229626E-004	4.306169E-004	5.382711E-004	2.691355E-004	2.691355E-004	2.153084E-004
595.8	2.215903E-004	2.215903E-004	3.323854E-004	4.062488E-004	4.431806E-004	3.323854E-004	3.693171E-004	2.954537E-004	2.954537E-004	2.215903E-004	2.585220E-004	3.693171E-004	2.215903E-004	1.477269E-004	1.846586E-004
597.6	1.694915E-004	2.372881E-004	3.728814E-004	3.728814E-004	4.067797E-004	3.050847E-004	3.389831E-004	2.711864E-004	3.050847E-004	1.694915E-004	2.372881E-004	3.389831E-004	1.694915E-004	1.016949E-004	1.355932E-004
599.5	2.112200E-004	2.534640E-004	4.224400E-004	5.069280E-004	5.491720E-004	3.379520E-004	3.801960E-004	3.801960E-004	3.801960E-004	2.112200E-004	2.957080E-004	4.224400E-004	2.112200E-004	1.267320E-004	1.689760E-004
601.3	2.855837E-004	3.427005E-004	5.711675E-004	6.854010E-004	7.425177E-004	4.569340E-004	5.140507E-004	3.998172E-004	4.569340E-004	3.427005E-004	3.998172E-004	5.711675E-004	3.427005E-004	1.713502E-004	1.713502E-004
603.1	1.759696E-004	2.111635E-004	3.519392E-004	3.871331E-004	4.223270E-004	2.463574E-004	3.167453E-004	2.815513E-004	2.815513E-004	1.759696E-004	2.815513E-004	3.167453E-004	1.407757E-004	1.055818E-004	1.055818E-004
605	2.837846E-004	3.405415E-004	5.108122E-004	6.243260E-004	7.378398E-004	4.540553E-004	5.108122E-004	5.108122E-004	4.540553E-004	2.837846E-004	3.972984E-004	4.540553E-004	2.837846E-004	2.270276E-004	1.702707E-004
606.8	1.746908E-004	1.746908E-004	3.144434E-004	3.843198E-004	3.843198E-004	2.795053E-004	2.795053E-004	2.445671E-004	2.795053E-004	2.096290E-004	2.795053E-004	2.795053E-004	1.746908E-004	1.048145E-004	1.048145E-004
608.6	1.517969E-004	2.276953E-004	3.035938E-004	4.174415E-004	4.174415E-004	2.656446E-004	2.656446E-004	2.656446E-004	2.276953E-004	1.897461E-004	2.276953E-004	3.035938E-004	1.517969E-004	1.138477E-004	1.517969E-004
610.5	3.701510E-004	3.701510E-004	5.922416E-004	5.922416E-004	7.403020E-004	4.441812E-004	5.182114E-004	4.441812E-004	5.182114E-004	3.701510E-004	5.182114E-004	5.182114E-004	3.701510E-004	2.220906E-004	2.961208E-004
612.3	2.472066E-004	2.472066E-004	3.955305E-004	4.449718E-004	4.449718E-004	2.966479E-004	2.966479E-004	3.460892E-004	2.472066E-004	2.966479E-004	2.472066E-004	2.966479E-004	1.977653E-004	1.483239E-004	1.483239E-004
614.1	2.324716E-004	2.324716E-004	2.789660E-004	3.719546E-004	4.184489E-004	2.324716E-004	2.789660E-004	2.789660E-004	2.324716E-004	1.859773E-004	2.789660E-004	3.254603E-004	1.394830E-004	9.298866E-005	1.859773E-004
615.9	2.304678E-004	2.880848E-004	4.033187E-004	5.185527E-004	4.609357E-004	2.880848E-004	3.457018E-004	3.457018E-004	2.880848E-004	2.304678E-004	2.880848E-004	3.457018E-004	2.304678E-004	1.728509E-004	1.728509E-004
617.8	2.641485E-004	2.641485E-004	3.962227E-004	5.282969E-004	5.282969E-004	3.301856E-004	3.301856E-004	3.301856E-004	3.301856E-004	2.641485E-004	3.301856E-004	3.962227E-004	2.641485E-004	1.320742E-004	2.641485E-004
619.6	2.384501E-004	2.980626E-004	4.172876E-004	5.365127E-004	4.769001E-004	2.980626E-004	3.576751E-004	2.980626E-004	2.980626E-004	2.384501E-004	2.980626E-004	2.980626E-004	1.788376E-004	1.192250E-004	1.788376E-004
621.4	2.403702E-004	3.605553E-004	3.605553E-004	4.807403E-004	4.206478E-004	3.004627E-004	3.605553E-004	3.605553E-004	2.403702E-004	2.403702E-004	3.004627E-004	3.004627E-004	1.802776E-004	1.802776E-004	1.802776E-004
623.3	2.380244E-004	2.380244E-004	3.570366E-004	4.760488E-004	5.355549E-004	2.975305E-004	3.570366E-004	4.165427E-004	2.975305E-004	2.380244E-004	2.975305E-004	2.975305E-004	2.380244E-004	1.190122E-004	1.785183E-004
625.1	2.351005E-004	2.351005E-004	3.526508E-004	4.702010E-004	4.702010E-004	2.938756E-004	3.526508E-004	2.938756E-004	2.351005E-004	2.938756E-004	2.351005E-004	2.938756E-004	2.938756E-004	1.175503E-004	1.763254E-004
626.9	2.327340E-004	2.327340E-004	4.072846E-004	4.654681E-004	4.072846E-004	2.909176E-004	3.491011E-004	4.072846E-004	2.909176E-004	2.909176E-004	2.909176E-004	2.909176E-004	1.745505E-004	1.163670E-004	1.745505E-004
628.7	2.876539E-004	2.301231E-004	4.027155E-004	5.753078E-004	4.027155E-004	2.876539E-004	2.876539E-004	3.451847E-004	2.301231E-004	2.876539E-004	3.451847E-004	3.451847E-004	2.876539E-004	1.725923E-004	1.725923E-004
630.5	2.853881E-004	2.283105E-004	3.995434E-004	5.707763E-004	3.995434E-004	2.853881E-004	3.424658E-004	3.995434E-004	2.283105E-004	2.853881E-004	2.853881E-004	3.424658E-004	2.283105E-004	1.712329E-004	1.712329E-004
632.4	2.828534E-004	2.828534E-004	3.394241E-004	5.091362E-004	4.525655E-004	2.828534E-004	3.394241E-004	3.394241E-004	2.828534E-004	2.262827E-004	2.828534E-004	3.394241E-004	2.262827E-004	1.697121E-004	1.697121E-004
634.2	2.817378E-004	2.817378E-004	3.944329E-004	5.071280E-004	5.071280E-004	2.817378E-004	3.380853E-004	3.380853E-004	2.817378E-004	2.817378E-004	2.817378E-004	3.380853E-004	2.253902E-004	2.253902E-004	1.690427E-004
636	2.250098E-004	2.812623E-004	3.937672E-004	4.500197E-004	4.500197E-004	2.812623E-004	3.375148E-004	2.812623E-004	2.812623E-004	2.812623E-004	2.812623E-004	3.375148E-004	2.250098E-004	2.250098E-004	1.687574E-004
637.8	2.248454E-004	2.248454E-004	4.496908E-004	4.496908E-004	4.496908E-004	2.810568E-004	3.372681E-004	3.372681E-004	3.372681E-004	2.810568E-004	3.372681E-004	2.810568E-004	2.810568E-004	1.124227E-004	1.686341E-004
639.6	2.255554E-004	2.255554E-004	3.383331E-004	4.511109E-004	4.511109E-004	2.819443E-004	3.383331E-004	3.383331E-004	2.255554E-004	3.383331E-004	2.819443E-004	3.383331E-004	2.255554E-004	2.255554E-004	1.691666E-004
641.5	2.838812E-004	2.271050E-004	3.974337E-004	4.542100E-004	3.974337E-004	2.838812E-004	2.838812E-004	2.838812E-004	2.271050E-004	2.271050E-004	3.406575E-004	2.838812E-004	2.271050E-004	1.703287E-004	1.703287E-004
643.3	2.290033E-004	2.290033E-004	4.007557E-004	5.152573E-004	4.007557E-004	2.862541E-004	2.862541E-004	2.862541E-004	2.290033E-004	2.290033E-004	2.290033E-004	2.862541E-004	1.717524E-004	2.290033E-004	1.717524E-004
645.1	2.300040E-004	2.300040E-004	4.025070E-004	4.025070E-004	3.450060E-004	2.875050E-004	2.875050E-004	2.875050E-004	2.875050E-004	2.300040E-004	2.875050E-004	2.875050E-004	2.300040E-004	1.725030E-004	1.725030E-004
646.9	2.907315E-004	2.325852E-004	4.070241E-004	5.233167E-004	4.070241E-004	2.907315E-004	2.907315E-004	2.907315E-004	2.907315E-004	2.907315E-004	2.907315E-004	2.325852E-004	1.744389E-004	2.325852E-004	1.744389E-004
648.7	2.351143E-004	2.351143E-004	3.526715E-004	4.702286E-004	4.114501E-004	2.351143E-004	2.938929E-004	2.938929E-004	1.763357E-004	2.351143E-004	2.938929E-004	2.351143E-004	1.763357E-004	1.763357E-004	2.351143E-004
650.5	2.972475E-004	2.377980E-004	3.566970E-004	4.161465E-004	3.566970E-004	2.377980E-004	2.972475E-004	2.377980E-004	2.972475E-004	2.377980E-004	2.377980E-004	2.972475E-004	2.377980E-004	1.783485E-004	1.783485E-004
652.3	2.401537E-004	2.401537E-004	3.001921E-004	4.803074E-004	3.602305E-004	3.001921E-004	3.001921E-004	3.001921E-004	3.001921E-004	2.401537E-004	2.401537E-004	3.602305E-004	1.801153E-004	1.200768E-004	1.801153E-004
654.1	2.417795E-004	2.417795E-004	3.022244E-004	5.440039E-004	3.626692E-004	2.417795E-004	3.022244E-004	3.022244E-004	1.813346E-004	2.417795E-004	3.022244E-004	2.417795E-004	1.813346E-004	1.208897E-004	1.813346E-004
656	2.435164E-004	2.435164E-004	3.652746E-004	3.652746E-004	3.652746E-004	2.435164E-004	2.435164E-004	3.043955E-004	3.043955E-004	2.435164E-004	3.043955E-004	3.043955E-004	1.826373E-004	1.217582E-004	1.826373E-004
657.8	3.075031E-004	2.460025E-004	3.690037E-004	4.920049E-004	3.690037E-004	2.460025E-004	2.460025E-004	3.075031E-004	2.460025E-004	1.845018E-004	1.845018E-004	2.460025E-004	1.845018E-004	1.845018E-004	1.845018E-004
659.6	3.097893E-004	2.478315E-004	3.097893E-004	4.337051E-004	3.097893E-004	2.478315E-004	3.097893E-004	2.478315E-004	2.478315E-004	2.478315E-004	2.478315E-004	2.478315E-004	1.858736E-004	1.239157E-004	1.858736E-004
661.4	2.497658E-004	1.873244E-004	3.122073E-004	3.746488E-004	3.122073E-004	1.873244E-004	2.497658E-004	2.497658E-004	2.497658E-004	2.497658E-004	2.497658E-004	2.497658E-004	1.873244E-004	1.248829E-004	1.248829E-004
663.2	2.508466E-004	1.881350E-004	3.762699E-004	4.389816E-004	3.762699E-004	2.508466E-004	2.508466E-004	3.762699E-004	2.508466E-004	2.508466E-004	3.135583E-004	2.508466E-004	1.881350E-004	1.254233E-004	1.881350E-004
665	1.894777E-004	2.526369E-004	3.157961E-004	3.789553E-004	3.157961E-004	1.894777E-004	2.526369E-004	3.157961E-004	2.526369E-004	1.894777E-004	2.526369E-004	2.526369E-004	2.526369E-004	1.263184E-004	1.263184E-004
666.8	2.545015E-004	2.545015E-004	3.181269E-004	4.453776E-004	3.181269E-004	2.545015E-004	2.545015E-004	2.545015E-004	1.908761E-004	3.181269E-004	2.545015E-004	2.545015E-004	1.272507E-004	1.272507E-004	2.545015E-004
668.6	1.928764E-004	2.571686E-004	2.571686E-004	4.500450E-004	3.214607E-004	2.571686E-004	2.571686E-004	2.571686E-004	1.928764E-004	1.928764E-004	2.571686E-004	2.571686E-004	1.285843E-004	1.285843E-004	1.928764E-004
670.4	2.588327E-004	2.588327E-004	2.588327E-004	4.529572E-004	2.588327E-004	2.588327E-004	2.588327E-004	3.235408E-004	1.941245E-004	1.941245E-004	1.941245E-004	2.588327E-004	1.941245E-004	1.941245E-004	1.294163E-004
672.2	1.955926E-004	1.955926E-004	2.607902E-004	3.911853E-004	2.607902E-004	1.955926E-004	2.607902E-004	3.259877E-004	2.607902E-004	1.955926E-004	1.955926E-004	3.259877E-004	1.303951E-004	1.955926E-004	1.303951E-004
674	1.971738E-004	2.628985E-004	2.628985E-004	3.943477E-004	2.628985E-004	1.971738E-004	2.628985E-004	2.628985E-004	2.628985E-004	2.628985E-004	1.971738E-004	2.628985E-004	1.971738E-004	1.314492E-004	1.314492E-004
675.8	2.655161E-004	1.991371E-004	3.982741E-004	3.982741E-004	3.318951E-004	1.991371E-004	2.655161E-004	2.655161E-004	1.991371E-004	1.991371E-004	3.318951E-004	3.318951E-004	1.327580E-004	1.991371E-004	1.327580E-004
677.6	2.006689E-004	2.006689E-004	3.344482E-004	4.013378E-004	4.013378E-004	2.006689E-004	2.675585E-004	2.006689E-004	2.675585E-004	2.006689E-004	2.675585E-004	2.006689E-004	1.337793E-004	1.337793E-004	2.006689E-004
679.4	2.704164E-004	2.704164E-004	3.380206E-004	4.056247E-004	2.704164E-004	2.028123E-004	2.704164E-004	2.028123E-004	2.028123E-004	2.028123E-004	2.704164E-004	2.028123E-004	2.028123E-004	2.028123E-004	2.704164E-004
681.2	2.730003E-004	2.047502E-004	3.412503E-004	4.095004E-004	2.730003E-004	2.047502E-004	2.730003E-004	2.730003E-004	2.730003E-004	2.047502E-004	2.047502E-004	2.047502E-004	1.365001E-004	2.047502E-004	1.365001E-004
683	2.068966E-004	2.068966E-004	3.448276E-004	4.827586E-004	3.448276E-004	2.068966E-004	2.758621E-004	3.448276E-004	2.068966E-004	2.068966E-004	2.068966E-004	2.758621E-004	1.379310E-004	1.379310E-004	1.379310E-004
684.8	2.086811E-004	2.086811E-004	2.782415E-004	4.173623E-004	4.173623E-004	2.086811E-004	2.782415E-004	2.782415E-004	2.782415E-004	2.086811E-004	2.086811E-004	2.782415E-004	1.391208E-004	1.391208E-004	2.086811E-004
686.6	2.111338E-004	2.111338E-004	2.815117E-004	4.222676E-004	3.518896E-004	2.111338E-004	2.815117E-004	2.815117E-004	2.111338E-004	2.111338E-004	2.111338E-004	3.518896E-004	2.111338E-004	2.111338E-004	1.407559E-004
688.4	2.130077E-004	2.130077E-004	2.840102E-004	3.550128E-004	4.260153E-004	2.840102E-004	2.130077E-004	3.550128E-004	2.840102E-004	2.130077E-004	2.130077E-004	2.130077E-004	2.130077E-004	1.420051E-004	1.420051E-004
690.2	2.867384E-004	2.150538E-004	2.867384E-004	5.017921E-004	3.584229E-004	2.150538E-004	2.867384E-004	3.584229E-004	2.867384E-004	2.150538E-004	2.867384E-004	2.867384E-004	1.433692E-004	1.433692E-004	1.433692E-004
692	2.171553E-004	2.171553E-004	2.895404E-004	4.343105E-004	4.343105E-004	2.895404E-004	2.895404E-004	3.619254E-004	2.171553E-004	2.895404E-004	2.895404E-004	2.895404E-004	2.895404E-004	1.447702E-004	1.447702E-004
693.7	2.204262E-004	2.939015E-004	4.408523E-004	5.143277E-004	4.408523E-004	2.939015E-004	3.673769E-004	3.673769E-004	2.939015E-004	2.939015E-004	2.939015E-004	2.939015E-004	2.939015E-004	1.469508E-004	2.204262E-004
695.5	2.976855E-004	2.976855E-004	3.721069E-004	5.209496E-004	4.465282E-004	3.721069E-004	3.721069E-004	3.721069E-004	2.976855E-004	2.976855E-004	2.976855E-004	3.721069E-004	2.976855E-004	2.232641E-004	2.232641E-004
697.3	2.256657E-004	3.761095E-004	6.017752E-004	5.265533E-004	5.265533E-004	4.513314E-004	5.265533E-004	4.513314E-004	4.513314E-004	2.256657E-004	5.265533E-004	5.265533E-004	3.761095E-004	2.256657E-004	2.256657E-004
699.1	3.797084E-004	4.556501E-004	6.834751E-004	6.075334E-004	7.594168E-004	6.075334E-004	6.075334E-004	4.556501E-004	6.834751E-004	3.037667E-004	6.075334E-004	6.075334E-004	3.037667E-004	3.037667E-004	2.278250E-004
700.9	4.608295E-004	5.376344E-004	9.216590E-004	9.216590E-004	9.216590E-004	9.216590E-004	9.216590E-004	5.376344E-004	8.448541E-004	3.840246E-004	9.216590E-004	9.216590E-004	4.608295E-004	3.840246E-004	3.840246E-004
702.7	5.449591E-004	8.563643E-004	1.012067E-003	9.342156E-004	1.089918E-003	1.089918E-003	1.089918E-003	8.563643E-004	1.089918E-003	4.671078E-004	1.012067E-003	1.012067E-003	6.228104E-004	4.671078E-004	3.892565E-004
704.5	6.319115E-004	1.105845E-003	1.421801E-003	1.105845E-003	1.421801E-003	1.421801E-003	1.421801E-003	9.478673E-004	1.421801E-003	6.319115E-004	1.263823E-003	1.263823E-003	7.109005E-004	5.529226E-004	5.529226E-004
706.2	1.042418E-003	1.363163E-003	1.924465E-003	1.443349E-003	2.245209E-003	2.245209E-003	2.165023E-003	1.042418E-003	2.084837E-003	8.018603E-004	1.764093E-003	1.844279E-003	9.622324E-004	8.820463E-004	8.018603E-004
708	1.300919E-003	1.870071E-003	2.927067E-003	2.032686E-003	3.414912E-003	3.821449E-003	3.577527E-003	1.300919E-003	3.496219E-003	9.756891E-004	2.683145E-003	2.927067E-003	1.138304E-003	9.756891E-004	9.756891E-004
709.8	1.481238E-003	3.127057E-003	4.937459E-003	3.127057E-003	5.348914E-003	5.842660E-003	5.595787E-003	1.645820E-003	5.431205E-003	1.152074E-003	4.443713E-003	4.772877E-003	1.398947E-003	1.234365E-003	1.069783E-003
711.6	2.253568E-003	5.007929E-003	7.178032E-003	4.840998E-003	7.762290E-003	8.680411E-003	8.179618E-003	2.253568E-003	7.929221E-003	1.418913E-003	6.259912E-003	6.844170E-003	1.752775E-003	1.585844E-003	1.335448E-003
713.4	3.642216E-003	7.369134E-003	1.007962E-002	7.115026E-003	1.050313E-002	1.126546E-002	1.118076E-002	3.811621E-003	1.024903E-002	2.032865E-003	8.639675E-003	9.063188E-003	2.541081E-003	2.371675E-003	1.694054E-003
715.1	5.678396E-003	9.980212E-003	1.342166E-002	9.636066E-003	1.367977E-002	1.522843E-002	1.410995E-002	5.592360E-003	1.324959E-002	3.183343E-003	1.101265E-002	1.187301E-002	4.043706E-003	3.785598E-003	2.409017E-003
716.9	8.348552E-003	1.321854E-002	1.782764E-002	1.330550E-002	1.747978E-002	1.947995E-002	1.852335E-002	8.000696E-003	1.687103E-002	5.043917E-003	1.391425E-002	1.504479E-002	5.826594E-003	5.826594E-003	3.826420E-003
718.7	1.148308E-002	1.687130E-002	2.323116E-002	1.748962E-002	2.393781E-002	2.588111E-002	2.384948E-002	1.086476E-002	2.119954E-002	7.331508E-003	1.713630E-002	1.916792E-002	8.391485E-003	8.214822E-003	6.006537E-003
720.5	1.559854E-002	2.192709E-002	3.351457E-002	2.353151E-002	3.217756E-002	3.565380E-002	3.244496E-002	1.443979E-002	2.763170E-002	1.025047E-002	2.228363E-002	2.531420E-002	1.132008E-002	1.123095E-002	8.378643E-003
722.2	2.034203E-002	2.871287E-002	5.085509E-002	3.312331E-002	4.869487E-002	5.013501E-002	4.581458E-002	1.908191E-002	3.717372E-002	1.386139E-002	2.799280E-002	3.258326E-002	1.395140E-002	1.431143E-002	1.125113E-002
724	2.742868E-002	3.935419E-002	7.458031E-002	4.733511E-002	6.880103E-002	6.852582E-002	6.403082E-002	2.486010E-002	4.889460E-002	1.807174E-002	3.559306E-002	4.155582E-002	1.761306E-002	1.843868E-002	1.421888E-002
725.8	3.635686E-002	5.323017E-002	1.077655E-001	6.572201E-002	1.033840E-001	9.201081E-002	8.744290E-002	3.318728E-002	6.395078E-002	2.302601E-002	4.446723E-002	5.388273E-002	2.134800E-002	2.321245E-002	1.771231E-002
727.6	5.923345E-002	7.439495E-002	1.566061E-001	1.014220E-001	1.428571E-001	1.250589E-001	1.348526E-001	4.943968E-002	9.049816E-002	3.182974E-002	5.961013E-002	7.571334E-002	2.778039E-002	2.938130E-002	2.222431E-002
729.3	9.048525E-002	1.099905E-001	2.018078E-001	1.441484E-001	1.873454E-001	1.594672E-001	1.666032E-001	7.497621E-002	1.161751E-001	4.414843E-002	7.878211E-002	1.009515E-001	3.596575E-002	3.891532E-002	2.921028E-002
731.1	1.262782E-001	1.362145E-001	2.362531E-001	1.849315E-001	2.208181E-001	1.898514E-001	1.946749E-001	1.053444E-001	1.376616E-001	6.145090E-002	9.685510E-002	1.186571E-001	4.553347E-002	5.083928E-002	3.482539E-002
732.9	1.634379E-001	1.586193E-001	2.649228E-001	2.156554E-001	2.413217E-001	1.991346E-001	2.147704E-001	1.340348E-001	1.538991E-001	8.083391E-002	1.086636E-001	1.323631E-001	5.487265E-002	6.175632E-002	4.159701E-002
734.6	2.065023E-001	1.883078E-001	2.932989E-001	2.407039E-001	2.765957E-001	2.209187E-001	2.445814E-001	1.776695E-001	1.735932E-001	1.174190E-001	1.270630E-001	1.560947E-001	7.287731E-002	8.142772E-002	5.249553E-002
736.4	2.347361E-001	2.144515E-001	3.094157E-001	2.729842E-001	2.933697E-001	2.419013E-001	2.610758E-001	2.067817E-001	1.873045E-001	1.445151E-001	1.453224E-001	1.671208E-001	8.234938E-002	1.015239E-001	6.408316E-002
738.2	2.556561E-001	2.244961E-001	3.275401E-001	2.915467E-001	3.060469E-001	2.481489E-001	2.667626E-001	2.225422E-001	1.967297E-001	1.624846E-001	1.506582E-001	1.795557E-001	9.409708E-002	1.103455E-001	6.941588E-002
739.9	2.661653E-001	2.343048E-001	3.355270E-001	3.099342E-001	3.155751E-001	2.534211E-001	2.762979E-001	2.398412E-001	1.926251E-001	1.819701E-001	1.457223E-001	1.782095E-001	1.024757E-001	1.244124E-001	8.085240E-002
741.7	2.927555E-001	2.424049E-001	3.441683E-001	3.176121E-001	3.290843E-001	2.535585E-001	2.761844E-001	2.624814E-001	1.937540E-001	1.955598E-001	1.537072E-001	1.785638E-001	1.113236E-001	1.178033E-001	8.519227E-002
743.5	2.977132E-001	2.397312E-001	3.478921E-001	3.302265E-001	3.264333E-001	2.514360E-001	2.717026E-001	2.633575E-001	1.878184E-001	2.008237E-001	1.502113E-001	1.795817E-001	1.120624E-001	1.291861E-001	8.518478E-002
745.2	2.972012E-001	2.371168E-001	3.414038E-001	3.205242E-001	3.268547E-001	2.418925E-001	2.641048E-001	2.721013E-001	1.852510E-001	2.064638E-001	1.408263E-001	1.605953E-001	1.067303E-001	1.266104E-001	8.429587E-002
747	2.967021E-001	2.296137E-001	3.421053E-001	3.250508E-001	3.194037E-001	2.295008E-001	2.568331E-001	2.629320E-001	1.663655E-001	2.044274E-001	1.217529E-001	1.523605E-001	1.022137E-001	1.170093E-001	8.210978E-002
748.7	3.008075E-001	2.321165E-001	3.418628E-001	3.261685E-001	3.229842E-001	2.339361E-001	2.599795E-001	2.774935E-001	1.696804E-001	2.047083E-001	1.336290E-001	1.535312E-001	1.057660E-001	1.221426E-001	8.165586E-002
750.5	3.140174E-001	2.292716E-001	3.421896E-001	3.404718E-001	3.222629E-001	2.282410E-001	2.624828E-001	2.814934E-001	1.736143E-001	2.123225E-001	1.281493E-001	1.484196E-001	1.079936E-001	1.252863E-001	8.715071E-002
752.2	3.241387E-001	2.485979E-001	3.565297E-001	3.447408E-001	3.316928E-001	2.377246E-001	2.714891E-001	2.967838E-001	1.725993E-001	2.300561E-001	1.334554E-001	1.633284E-001	1.189195E-001	1.390638E-001	9.705849E-002
754	3.448903E-001	2.608844E-001	3.735364E-001	3.604638E-001	3.497783E-001	2.595203E-001	2.875980E-001	3.197681E-001	1.946118E-001	2.563374E-001	1.472093E-001	1.891554E-001	1.359554E-001	1.638058E-001	1.108332E-001
755.8	3.563309E-001	2.826111E-001	3.822172E-001	3.777153E-001	3.665729E-001	2.718064E-001	3.043331E-001	3.389983E-001	2.043894E-001	2.836241E-001	1.642093E-001	1.961733E-001	1.534046E-001	1.717501E-001	1.278559E-001
757.5	3.633819E-001	2.842105E-001	3.863382E-001	3.805151E-001	3.764838E-001	2.772676E-001	3.095185E-001	3.426652E-001	2.164614E-001	2.935050E-001	1.734602E-001	1.936170E-001	1.569989E-001	1.844345E-001	1.377380E-001
759.3	3.744449E-001	2.971803E-001	3.997558E-001	3.936501E-001	3.798845E-001	2.952931E-001	3.182726E-001	3.516874E-001	2.300178E-001	3.027309E-001	1.843917E-001	2.130329E-001	1.730684E-001	1.997114E-001	1.529751E-001
761	3.817312E-001	2.982866E-001	3.996440E-001	3.977526E-001	3.888518E-001	2.955051E-001	3.275478E-001	3.594793E-001	2.280819E-001	3.098576E-001	1.886960E-001	2.206275E-001	1.838006E-001	2.053850E-001	1.619938E-001
762.8	3.878889E-001	3.100000E-001	4.091111E-001	3.966667E-001	3.906667E-001	3.014444E-001	3.247778E-001	3.662222E-001	2.465556E-001	3.175556E-001	1.956667E-001	2.283333E-001	1.831111E-001	2.094444E-001	1.648889E-001
764.5	3.925556E-001	3.093333E-001	4.130000E-001	4.054444E-001	3.933333E-001	3.034444E-001	3.291111E-001	3.711111E-001	2.412222E-001	3.245556E-001	1.987778E-001	2.291111E-001	1.925556E-001	2.155556E-001	1.708889E-001
766.3	3.859335E-001	3.076492E-001	4.026207E-001	4.029567E-001	3.956770E-001	2.962258E-001	3.308321E-001	3.705902E-001	2.363087E-001	3.233285E-001	1.933027E-001	2.177175E-001	1.933027E-001	2.142457E-001	1.619442E-001
768	3.742935E-001	2.962921E-001	4.025548E-001	3.948677E-001	3.889894E-001	2.969704E-001	3.211621E-001	3.574497E-001	2.257518E-001	3.177707E-001	1.816640E-001	2.129776E-001	1.839249E-001	2.011078E-001	1.565679E-001
769.8	3.698489E-001	2.942995E-001	3.932005E-001	3.936584E-001	3.814103E-001	2.827381E-001	3.135302E-001	3.561126E-001	2.142857E-001	3.016255E-001	1.788004E-001	1.972299E-001	1.749084E-001	1.887592E-001	1.411401E-001
771.5	3.542543E-001	2.619215E-001	3.783310E-001	3.757597E-001	3.595138E-001	2.636746E-001	2.972183E-001	3.366059E-001	1.922627E-001	2.779336E-001	1.532258E-001	1.778869E-001	1.503039E-001	1.632772E-001	1.290323E-001
773.2	3.467665E-001	2.585592E-001	3.662625E-001	3.711365E-001	3.475987E-001	2.464337E-001	2.812649E-001	3.417737E-001	1.771279E-001	2.699715E-001	1.405136E-001	1.686876E-001	1.431289E-001	1.617927E-001	1.192344E-001
775	3.243178E-001	2.297754E-001	3.506399E-001	3.571601E-001	3.313209E-001	2.259116E-001	2.560976E-001	3.042743E-001	1.504468E-001	2.513886E-001	1.205023E-001	1.475489E-001	1.168800E-001	1.383724E-001	9.454238E-002
776.7	2.969734E-001	2.028413E-001	3.224212E-001	3.242742E-001	3.036442E-001	1.961705E-001	2.274243E-001	2.760964E-001	1.273626E-001	2.184064E-001	1.031501E-001	1.210624E-001	9.820877E-002	1.168623E-001	8.412600E-002
778.5	2.664382E-001	1.619700E-001	2.914445E-001	2.909368E-001	2.755776E-001	1.624778E-001	1.949733E-001	2.427012E-001	1.014217E-001	1.808835E-001	7.958873E-002	9.685199E-002	7.692308E-002	8.860117E-002	6.740289E-002
780.2	2.335019E-001	1.417088E-001	2.572281E-001	2.590432E-001	2.415403E-001	1.367821E-001	1.658239E-001	2.153507E-001	8.245819E-002	1.564890E-001	6.884481E-002	7.895760E-002	6.560353E-002	7.519772E-002	5.743550E-002
781.9	2.009550E-001	1.081045E-001	2.278817E-001	2.274838E-001	2.131582E-001	1.053190E-001	1.408675E-001	1.839767E-001	7.176018E-002	1.299907E-001	5.809789E-002	6.512800E-002	5.783260E-002	6.366892E-002	5.053721E-002
783.7	1.681416E-001	8.917631E-002	1.986385E-001	1.903336E-001	1.778080E-001	8.795099E-002	1.108237E-001	1.550715E-001	6.113002E-002	1.051055E-001	5.187202E-002	5.582029E-002	4.860449E-002	5.527570E-002	4.479238E-002
785.4	1.271531E-001	7.169864E-002	1.576810E-001	1.583812E-001	1.524996E-001	6.931802E-002	8.990337E-002	1.191710E-001	5.097325E-002	8.360174E-002	4.495169E-002	4.901274E-002	4.271110E-002	4.831256E-002	3.865005E-002
787.1	1.049223E-001	6.160046E-002	1.211860E-001	1.216177E-001	1.129822E-001	6.044905E-002	6.850892E-002	9.527922E-002	4.432930E-002	6.865285E-002	3.943581E-002	4.245826E-002	3.842832E-002	4.303397E-002	3.454231E-002
788.9	8.180744E-002	5.168340E-002	9.539279E-002	9.583579E-002	8.815712E-002	5.183107E-002	5.980508E-002	8.313644E-002	3.809805E-002	5.832841E-002	3.514471E-002	3.691672E-002	3.352038E-002	3.676905E-002	3.086237E-002
790.6	6.813354E-002	4.749621E-002	8.103187E-002	8.209408E-002	7.572079E-002	4.461305E-002	5.250379E-002	6.646434E-002	3.535660E-002	4.931715E-002	3.125948E-002	3.338392E-002	3.019727E-002	3.262519E-002	2.776935E-002
792.3	5.765625E-002	4.062500E-002	6.640625E-002	6.687500E-002	6.296875E-002	3.906250E-002	4.609375E-002	5.687500E-002	3.078125E-002	4.390625E-002	2.781250E-002	2.984375E-002	2.796875E-002	2.906250E-002	2.531250E-002
